. is not a valid directory name. Please make sure there are no unallowed characters in the name.
. is not a valid directory name. Please make sure there are no unallowed characters in the name.
Unity Editor version:    6000.3.20f1 (c9ba695d4f07)
Branch:                  6000.3/staging
Build type:              Release
Batch mode:              YES
macOS version:           Version 26.5.2 (Build 25F84)
Darwin version:          25.5.0
Architecture:            arm64
Running under Rosetta:   NO
Available memory:        16384 MB
Date:                    2026-07-28T09:36:26Z
[Licensing::Module] Trying to connect to existing licensing client channel...
[Licensing::IpcConnector] Successfully connected to: "LicenseClient-ray" at "2026-07-28T09:36:26.286517Z"
Launching external process: /Applications/Unity/Hub/Editor/6000.3.20f1/Unity.app/Contents/Resources/PackageManager/Server/UnityPackageManager

COMMAND LINE ARGUMENTS:
/Applications/Unity/Hub/Editor/6000.3.20f1/Unity.app/Contents/MacOS/Unity
/Users/ray/projects/TEngine/UnityProject
-logFile
./build.log
-executeMethod
TEngine.ReleaseTools.AutomationBuildAndroid
-quit
-batchmode
-CustomArgs:Language=en_US
/Users/ray/projects/TEngine/UnityProject
/Users/ray/projects/TEngine/UnityProject
[UnityMemory] Configuration Parameters - Can be set up in boot.config
    "memorysetup-allocator-temp-initial-block-size-main=262144"
    "memorysetup-allocator-temp-initial-block-size-worker=262144"
    "memorysetup-temp-allocator-size-background-worker=32768"
    "memorysetup-temp-allocator-size-job-worker=262144"
    "memorysetup-temp-allocator-size-preload-manager=33554432"
    "memorysetup-temp-allocator-size-nav-mesh-worker=65536"
    "memorysetup-temp-allocator-size-audio-worker=65536"
    "memorysetup-temp-allocator-size-cloud-worker=32768"
    "memorysetup-bucket-allocator-granularity=16"
    "memorysetup-bucket-allocator-bucket-count=8"
    "memorysetup-bucket-allocator-block-size=33554432"
    "memorysetup-bucket-allocator-block-count=8"
    "memorysetup-main-allocator-block-size=16777216"
    "memorysetup-thread-allocator-block-size=16777216"
    "memorysetup-gfx-main-allocator-block-size=16777216"
    "memorysetup-gfx-thread-allocator-block-size=16777216"
    "memorysetup-cache-allocator-block-size=4194304"
    "memorysetup-typetree-allocator-block-size=2097152"
    "memorysetup-profiler-bucket-allocator-granularity=16"
    "memorysetup-profiler-bucket-allocator-bucket-count=8"
    "memorysetup-profiler-bucket-allocator-block-size=33554432"
    "memorysetup-profiler-bucket-allocator-block-count=8"
    "memorysetup-profiler-allocator-block-size=16777216"
    "memorysetup-profiler-editor-allocator-block-size=1048576"
    "memorysetup-temp-allocator-size-main=16777216"
    "memorysetup-job-temp-allocator-block-size=2097152"
    "memorysetup-job-temp-allocator-block-size-background=1048576"
    "memorysetup-job-temp-allocator-reduction-small-platforms=262144"
    "memorysetup-temp-allocator-size-gi-baking-worker=262144"
    "memorysetup-temp-allocator-size-gi-baking-worker=262144"
    "memorysetup-temp-allocator-size-gi-baking-worker=262144"
    "memorysetup-temp-allocator-size-gi-baking-worker=262144"
    "memorysetup-temp-allocator-size-gi-baking-worker=262144"
    "memorysetup-temp-allocator-size-gfx=262144"
Player connection [8399805824]  Target information:

Player connection [8399805824]  * "[IP] 192.168.3.4 [Port] 55504 [Flags] 2 [Guid] 2348593579 [EditorId] 2348593579 [Version] 1048832 [Id] OSXEditor(0,raydeMac-mini-5.local) [Debug] 1 [PackageName] OSXEditor [ProjectName] Editor" 

Player connection [8399805824] Host joined multi-casting on [225.0.0.222:54997]...
Player connection [8399805824] Host joined alternative multi-casting on [225.0.0.222:34997]...
Input System module state changed to: Initialized.
[Physics::Module] Initialized fallback backend.
[Physics::Module] Id: 0xdecafbad
[Licensing::Client] Error: HandshakeResponse reported an error:
	ResponseCode: 505
	ResponseStatus: Unsupported protocol version '1.18.1'.
[Licensing::Module] Error: Failed to handshake to channel: "LicenseClient-ray"
[Licensing::IpcConnector] LicenseClient-ray channel disconnected successfully.
[Licensing::IpcConnector] Channel LicenseClient-ray-6000.3.20 doesn't exist
Launching external process: /Applications/Unity/Hub/Editor/6000.3.20f1/Unity.app/Contents/Helpers/UnityLicensingClient.app/Contents/MacOS/Unity.Licensing.Client
[Licensing::Module] Successfully launched the LicensingClient (PId: 56128)
[Package Manager] Connected to IPC stream "Upm-56126" after 0.2 seconds.
[Licensing::Module] Licensing is not yet initialized.
[Licensing::IpcConnector] Successfully connected to: "LicenseClient-ray-6000.3.20" at "2026-07-28T09:36:26.897095Z"
[Licensing::Client] Handshaking with LicensingClient:
  Version:                 1.18.1+9fbee8e
  Session Id:              c1e9a787fd6a45509ff9730c622e434d
  Correlation Id:          0e29e8a1a361e0076a51d3a1cb654bd5
  External correlation Id: 6834096032709844031
  Machine Id:              IkJilisnqnDck/Qjo6O06rBjyGs=
[Licensing::Module] Successfully connected to LicensingClient on channel: "LicenseClient-ray-6000.3.20" (connect: 0.38s, validation: 0.02s, handshake: 0.18s)
[Licensing::IpcConnector] Successfully connected to: "LicenseClient-ray-6000.3.20-notifications" at "2026-07-28T09:36:27.10289Z"
[Licensing::Module] Connected to LicensingClient (PId: 56128, launch time: 0.00, total connection time: 0.59s)
[Licensing::Module] Error: Access token is unavailable; failed to update
[Licensing::Client] Successfully resolved entitlement details
[Licensing::Module] License group:
  Id: 20066912381308-UnityPersXXXX
  Product: Unity Personal
  Type: Assigned
  Expiration: Unlimited
[Licensing::Client] Successfully updated license, isAsync: True, time: 0.00
[Licensing::Client] Successfully resolved entitlement details
[Licensing::Module] Licensing Background thread has ended after 0.82s
[Licensing::Module] Licensing is initialized (took 0.53s).
[Licensing::Client] Successfully resolved entitlement details
Library Redirect Path: Library/
[Physics::Module] Selected backend.
[Physics::Module] Name: PhysX
[Physics::Module] Id: 0xf2b8ea05
[Physics::Module] SDK Version: 4.1.2
[Physics::Module] Integration Version: 1.0.0
[Physics::Module] Threading Mode: Multi-Threaded
Artifact Garbage Collection - Removed 140 unused hashed content files
[Licensing::Client] Successfully resolved entitlement details
Refreshing native plugins compatible for Editor in 0.02 ms, found 0 plugins.
Preloading 0 native plugins for Editor in 0.00 ms.
Initialize engine version: 6000.3.20f1 (c9ba695d4f07)
[Subsystems] Discovering subsystems at path /Applications/Unity/Hub/Editor/6000.3.20f1/Unity.app/Contents/Resources/UnitySubsystems
[Subsystems] Discovering subsystems at path /Users/ray/projects/TEngine/UnityProject/Assets
GfxDevice: creating device client; kGfxThreadingModeNonThreaded
 preferred device: Apple M4 (high power)
Metal devices available: 1
0: Apple M4 (high power)
Using device Apple M4 (high power)
Initializing Metal device caps: Apple M4
Mac GPU Family: 2
Apple GPU Family: 9
MSL Version: 3.0
Has Float MSAA: 1
Has Float Filtering: 1
ReadWrite Texture Tier: 2
Initialize mono
Mono path[0] = '/Applications/Unity/Hub/Editor/6000.3.20f1/Unity.app/Contents/Resources/Scripting/Managed'
Mono path[1] = '/Applications/Unity/Hub/Editor/6000.3.20f1/Unity.app/Contents/Resources/Scripting/MonoBleedingEdge/lib/mono/unityjit-macos'
Mono config path = '/Applications/Unity/Hub/Editor/6000.3.20f1/Unity.app/Contents/Resources/Scripting/MonoBleedingEdge/etc'
Using monoOptions --debugger-agent=transport=dt_socket,embedding=1,server=y,suspend=n,address=127.0.0.1:56126
Using cacheserver namespaces - metadata:defaultmetadata, artifacts:defaultartifacts
Using cacheserver namespaces - metadata:defaultmetadata, artifacts:defaultartifacts
ImportWorker Server TCP listen port: 0
AcceleratorClientConnectionCallback - disconnected - :0
Begin MonoManager ReloadAssembly
Registering precompiled unity dll's ...
Register platform support module: /Applications/Unity/Hub/Editor/6000.3.20f1/PlaybackEngines/WebGLSupport/UnityEditor.WebGL.Extensions.dll
Register platform support module: /Applications/Unity/Hub/Editor/6000.3.20f1/Unity.app/Contents/PlaybackEngines/MacStandaloneSupport/UnityEditor.OSXStandalone.Extensions.dll
Register platform support module: /Applications/Unity/Hub/Editor/6000.3.20f1/PlaybackEngines/AndroidPlayer/UnityEditor.Android.Extensions.dll
[Licensing::Client] Successfully resolved entitlement details
Register platform support module: /Applications/Unity/Hub/Editor/6000.3.20f1/PlaybackEngines/iOSSupport/UnityEditor.iOS.Extensions.dll
Registered in 0.003066 seconds.
- Loaded All Assemblies, in  0.230 seconds
[usbmuxd] Start listen thread
[usbmuxd] Listen thread started
[usbmuxd] Send listen message
Native extension for iOS target not found
Native extension for Android target not found
Native extension for OSXStandalone target not found
Native extension for WebGL target not found
Package Manager log level set to [2]
ScheduleIndexationOnStartup MainProcess:False IndexOnStartup:True
Mono: successfully reloaded assembly
- Finished resetting the current domain, in  0.204 seconds
Domain Reload Profiling: 434ms
	BeginReloadAssembly (87ms)
		ExecutionOrderSort (0ms)
		DisableScriptedObjects (0ms)
		BackupInstance (0ms)
		ReleaseScriptingObjects (0ms)
		CreateAndSetChildDomain (2ms)
	RebuildCommonClasses (19ms)
	RebuildNativeTypeToScriptingClass (6ms)
	initialDomainReloadingComplete (21ms)
	LoadAllAssembliesAndSetupDomain (96ms)
		LoadAssemblies (87ms)
		RebuildTransferFunctionScriptingTraits (0ms)
		AnalyzeDomain (94ms)
			TypeCache.Refresh (93ms)
				TypeCache.ScanAssembly (85ms)
			BuildScriptInfoCaches (0ms)
			ResolveRequiredComponents (0ms)
	FinalizeReload (204ms)
		ReleaseScriptCaches (0ms)
		RebuildScriptCaches (0ms)
		SetupLoadedEditorAssemblies (185ms)
			LogAssemblyErrors (0ms)
			InitializePlatformSupportModulesInManaged (48ms)
			SetLoadedEditorAssemblies (2ms)
			BeforeProcessingInitializeOnLoad (36ms)
			ProcessInitializeOnLoadAttributes (52ms)
			ProcessInitializeOnLoadMethodAttributes (47ms)
			AfterProcessingInitializeOnLoad (0ms)
			EditorAssembliesLoaded (0ms)
		ExecutionOrderSort2 (0ms)
		AwakeInstancesAfterBackupRestoration (0ms)
[Licensing::Client] Successfully resolved entitlement details
[Licensing::Client] Successfully resolved entitlement details
Application.AssetDatabase Initial Refresh Start
[Package Manager] Restoring resolved packages state from cache
[Licensing::Client] Successfully resolved entitlement details
Embedded package [com.gameworkstore.googleprotobufunity] was found in the directory [/Users/ray/projects/TEngine/UnityProject/Packages/Protobuf]. Please consider changing the directory name to match the package name.
Embedded package [com.cysharp.unitask] was found in the directory [/Users/ray/projects/TEngine/UnityProject/Packages/UniTask]. Please consider changing the directory name to match the package name.
Embedded package [com.tuyoogame.yooasset] was found in the directory [/Users/ray/projects/TEngine/UnityProject/Packages/YooAsset]. Please consider changing the directory name to match the package name.
[Package Manager] Registered 54 packages:
  Packages from [https://packages.unity.com]:
    com.unity.ai.assistant@2.16.0-pre.1 (location: /Users/ray/projects/TEngine/UnityProject/Library/PackageCache/com.unity.ai.assistant@9f93b51e80a8)
    com.unity.ai.navigation@2.0.13 (location: /Users/ray/projects/TEngine/UnityProject/Library/PackageCache/com.unity.ai.navigation@42d896194035)
    com.unity.ide.rider@3.0.40 (location: /Users/ray/projects/TEngine/UnityProject/Library/PackageCache/com.unity.ide.rider@e4950c6d131b)
    com.unity.ide.visualstudio@2.0.26 (location: /Users/ray/projects/TEngine/UnityProject/Library/PackageCache/com.unity.ide.visualstudio@a99d56dec63f)
    com.unity.nuget.newtonsoft-json@3.2.2 (location: /Users/ray/projects/TEngine/UnityProject/Library/PackageCache/com.unity.nuget.newtonsoft-json@4dfd81071c64)
    com.unity.scriptablebuildpipeline@2.6.1 (location: /Users/ray/projects/TEngine/UnityProject/Library/PackageCache/com.unity.scriptablebuildpipeline@36e3b5898ee2)
    com.unity.nuget.mono-cecil@1.11.6 (location: /Users/ray/projects/TEngine/UnityProject/Library/PackageCache/com.unity.nuget.mono-cecil@ecb9724e46ff)
    com.unity.mathematics@1.3.3 (location: /Users/ray/projects/TEngine/UnityProject/Library/PackageCache/com.unity.mathematics@19a9377c4ffa)
  Built-in packages:
    com.unity.multiplayer.center@1.0.1 (location: /Users/ray/projects/TEngine/UnityProject/Library/PackageCache/com.unity.multiplayer.center@f01f4ba8d00a)
    com.unity.ugui@2.0.0 (location: /Users/ray/projects/TEngine/UnityProject/Library/PackageCache/com.unity.ugui@e20f1880fa04)
    com.unity.modules.accessibility@1.0.0 (location: /Users/ray/projects/TEngine/UnityProject/Library/PackageCache/com.unity.modules.accessibility)
    com.unity.modules.adaptiveperformance@1.0.0 (location: /Users/ray/projects/TEngine/UnityProject/Library/PackageCache/com.unity.modules.adaptiveperformance)
    com.unity.modules.ai@1.0.0 (location: /Users/ray/projects/TEngine/UnityProject/Library/PackageCache/com.unity.modules.ai)
    com.unity.modules.androidjni@1.0.0 (location: /Users/ray/projects/TEngine/UnityProject/Library/PackageCache/com.unity.modules.androidjni)
    com.unity.modules.animation@1.0.0 (location: /Users/ray/projects/TEngine/UnityProject/Library/PackageCache/com.unity.modules.animation)
    com.unity.modules.assetbundle@1.0.0 (location: /Users/ray/projects/TEngine/UnityProject/Library/PackageCache/com.unity.modules.assetbundle)
    com.unity.modules.audio@1.0.0 (location: /Users/ray/projects/TEngine/UnityProject/Library/PackageCache/com.unity.modules.audio)
    com.unity.modules.cloth@1.0.0 (location: /Users/ray/projects/TEngine/UnityProject/Library/PackageCache/com.unity.modules.cloth)
    com.unity.modules.director@1.0.0 (location: /Users/ray/projects/TEngine/UnityProject/Library/PackageCache/com.unity.modules.director)
    com.unity.modules.imageconversion@1.0.0 (location: /Users/ray/projects/TEngine/UnityProject/Library/PackageCache/com.unity.modules.imageconversion)
    com.unity.modules.imgui@1.0.0 (location: /Users/ray/projects/TEngine/UnityProject/Library/PackageCache/com.unity.modules.imgui)
    com.unity.modules.jsonserialize@1.0.0 (location: /Users/ray/projects/TEngine/UnityProject/Library/PackageCache/com.unity.modules.jsonserialize)
    com.unity.modules.particlesystem@1.0.0 (location: /Users/ray/projects/TEngine/UnityProject/Library/PackageCache/com.unity.modules.particlesystem)
    com.unity.modules.physics@1.0.0 (location: /Users/ray/projects/TEngine/UnityProject/Library/PackageCache/com.unity.modules.physics)
    com.unity.modules.physics2d@1.0.0 (location: /Users/ray/projects/TEngine/UnityProject/Library/PackageCache/com.unity.modules.physics2d)
    com.unity.modules.screencapture@1.0.0 (location: /Users/ray/projects/TEngine/UnityProject/Library/PackageCache/com.unity.modules.screencapture)
    com.unity.modules.terrain@1.0.0 (location: /Users/ray/projects/TEngine/UnityProject/Library/PackageCache/com.unity.modules.terrain)
    com.unity.modules.terrainphysics@1.0.0 (location: /Users/ray/projects/TEngine/UnityProject/Library/PackageCache/com.unity.modules.terrainphysics)
    com.unity.modules.tilemap@1.0.0 (location: /Users/ray/projects/TEngine/UnityProject/Library/PackageCache/com.unity.modules.tilemap)
    com.unity.modules.ui@1.0.0 (location: /Users/ray/projects/TEngine/UnityProject/Library/PackageCache/com.unity.modules.ui)
    com.unity.modules.uielements@1.0.0 (location: /Users/ray/projects/TEngine/UnityProject/Library/PackageCache/com.unity.modules.uielements)
    com.unity.modules.umbra@1.0.0 (location: /Users/ray/projects/TEngine/UnityProject/Library/PackageCache/com.unity.modules.umbra)
    com.unity.modules.unityanalytics@1.0.0 (location: /Users/ray/projects/TEngine/UnityProject/Library/PackageCache/com.unity.modules.unityanalytics)
    com.unity.modules.unitywebrequest@1.0.0 (location: /Users/ray/projects/TEngine/UnityProject/Library/PackageCache/com.unity.modules.unitywebrequest)
    com.unity.modules.unitywebrequestassetbundle@1.0.0 (location: /Users/ray/projects/TEngine/UnityProject/Library/PackageCache/com.unity.modules.unitywebrequestassetbundle)
    com.unity.modules.unitywebrequestaudio@1.0.0 (location: /Users/ray/projects/TEngine/UnityProject/Library/PackageCache/com.unity.modules.unitywebrequestaudio)
    com.unity.modules.unitywebrequesttexture@1.0.0 (location: /Users/ray/projects/TEngine/UnityProject/Library/PackageCache/com.unity.modules.unitywebrequesttexture)
    com.unity.modules.unitywebrequestwww@1.0.0 (location: /Users/ray/projects/TEngine/UnityProject/Library/PackageCache/com.unity.modules.unitywebrequestwww)
    com.unity.modules.vectorgraphics@1.0.0 (location: /Users/ray/projects/TEngine/UnityProject/Library/PackageCache/com.unity.modules.vectorgraphics)
    com.unity.modules.vehicles@1.0.0 (location: /Users/ray/projects/TEngine/UnityProject/Library/PackageCache/com.unity.modules.vehicles)
    com.unity.modules.video@1.0.0 (location: /Users/ray/projects/TEngine/UnityProject/Library/PackageCache/com.unity.modules.video)
    com.unity.modules.vr@1.0.0 (location: /Users/ray/projects/TEngine/UnityProject/Library/PackageCache/com.unity.modules.vr)
    com.unity.modules.wind@1.0.0 (location: /Users/ray/projects/TEngine/UnityProject/Library/PackageCache/com.unity.modules.wind)
    com.unity.modules.xr@1.0.0 (location: /Users/ray/projects/TEngine/UnityProject/Library/PackageCache/com.unity.modules.xr)
    com.unity.test-framework@1.6.0 (location: /Users/ray/projects/TEngine/UnityProject/Library/PackageCache/com.unity.test-framework@bd7f943e9647)
    com.unity.modules.subsystems@1.0.0 (location: /Users/ray/projects/TEngine/UnityProject/Library/PackageCache/com.unity.modules.subsystems)
    com.unity.modules.hierarchycore@1.0.0 (location: /Users/ray/projects/TEngine/UnityProject/Library/PackageCache/com.unity.modules.hierarchycore)
    com.unity.ext.nunit@2.0.5 (location: /Users/ray/projects/TEngine/UnityProject/Library/PackageCache/com.unity.ext.nunit@d8c07649098d)
    com.unity.2d.sprite@1.0.0 (location: /Users/ray/projects/TEngine/UnityProject/Library/PackageCache/com.unity.2d.sprite@d8bb22511404)
  Embedded packages:
    com.unity.pipeline@file:/Users/ray/projects/TEngine/UnityProject/Packages/com.unity.pipeline (location: /Users/ray/projects/TEngine/UnityProject/Packages/com.unity.pipeline)
    com.gameworkstore.googleprotobufunity@file:/Users/ray/projects/TEngine/UnityProject/Packages/Protobuf (location: /Users/ray/projects/TEngine/UnityProject/Packages/Protobuf)
    com.cysharp.unitask@file:/Users/ray/projects/TEngine/UnityProject/Packages/UniTask (location: /Users/ray/projects/TEngine/UnityProject/Packages/UniTask)
    com.tuyoogame.yooasset@file:/Users/ray/projects/TEngine/UnityProject/Packages/YooAsset (location: /Users/ray/projects/TEngine/UnityProject/Packages/YooAsset)
  Git packages:
    com.code-philosophy.hybridclr@https://gitee.com/focus-creative-games/hybridclr_unity.git (location: /Users/ray/projects/TEngine/UnityProject/Library/PackageCache/com.code-philosophy.hybridclr@4df417e56ad8)
[Subsystems] No new subsystems found in resolved package list.
[Package Manager] Done registering packages in 0.01 seconds
Duplicate assembly 'System.Runtime.CompilerServices.Unsafe.dll' with different versions detected, using 'Assets/TEngine/Libraries/System.Runtime.CompilerServices.Unsafe.dll, AssemblyName=System.Runtime.CompilerServices.Unsafe, Version=6.0.0.0, Culture=neutral, PublicKeyToken=b03f5f7f11d50a3a' and ignoring 'Packages/com.gameworkstore.googleprotobufunity/Dependencies/System.Runtime.CompilerServices.Unsafe.dll, AssemblyName=System.Runtime.CompilerServices.Unsafe, Version=4.0.4.1, Culture=neutral, PublicKeyToken=b03f5f7f11d50a3a'.Duplicate assembly 'System.Runtime.CompilerServices.Unsafe.dll' with different versions detected, using 'Assets/TEngine/Libraries/System.Runtime.CompilerServices.Unsafe.dll, AssemblyName=System.Runtime.CompilerServices.Unsafe, Version=6.0.0.0, Culture=neutral, PublicKeyToken=b03f5f7f11d50a3a' and ignoring 'Packages/com.unity.pipeline/Runtime/Plugins/CodeAnalysis/System.Runtime.CompilerServices.Unsafe.dll, AssemblyName=System.Runtime.CompilerServices.Unsafe, Version=4.0.4.0, Culture=neutral, PublicKeyToken=b03f5f7f11d50a3a'.[40m[32minfo[39m[22m[49m: Microsoft.Hosting.Lifetime[14]
      Now listening on: http://unix:/tmp/ilpp.sock-cc005b8c5a996d2a76845f019d2fdb99
[40m[32minfo[39m[22m[49m: Microsoft.Hosting.Lifetime[0]
      Application started. Press Ctrl+C to shut down.
[40m[32minfo[39m[22m[49m: Microsoft.Hosting.Lifetime[0]
      Hosting environment: Production
[40m[32minfo[39m[22m[49m: Microsoft.Hosting.Lifetime[0]
      Content root path: /Users/ray/projects/TEngine/UnityProject/
[40m[32minfo[39m[22m[49m: Microsoft.AspNetCore.Hosting.Diagnostics[1]
      Request starting HTTP/2 POST http://ilpp/UnityILPP.PostProcessing/Ping application/grpc -
[40m[32minfo[39m[22m[49m: Microsoft.AspNetCore.Routing.EndpointMiddleware[0]
      Executing endpoint 'gRPC - /UnityILPP.PostProcessing/Ping'
[40m[32minfo[39m[22m[49m: Microsoft.AspNetCore.Routing.EndpointMiddleware[1]
      Executed endpoint 'gRPC - /UnityILPP.PostProcessing/Ping'
[40m[32minfo[39m[22m[49m: Microsoft.AspNetCore.Hosting.Diagnostics[2]
      Request finished HTTP/2 POST http://ilpp/UnityILPP.PostProcessing/Ping application/grpc - - 200 - application/grpc 27.8869ms
Refreshing native plugins compatible for Editor in 0.91 ms, found 1 plugins.
Starting: /Applications/Unity/Hub/Editor/6000.3.20f1/Unity.app/Contents/Resources/BuildPipeline/bee_backend --ipc --defer-dag-verification --dagfile="Library/Bee/1300b0aEDbg.dag" --continue-on-failure --profile="Library/Bee/backend1.traceevents" ScriptAssemblies
WorkingDir: /Users/ray/projects/TEngine/UnityProject
DisplayProgressbar: Compiling Scripts
Starting: /Applications/Unity/Hub/Editor/6000.3.20f1/Unity.app/Contents/Resources/Scripting/netcorerun/netcorerun "/Applications/Unity/Hub/Editor/6000.3.20f1/Unity.app/Contents/Resources/BuildPipeline/ScriptCompilationBuildProgram.exe" "Library/Bee/1300b0aEDbg.dag.json" "Library/Bee/1300b0aEDbg-inputdata.json" "Library/Bee/buildprogram0.traceevents"
WorkingDir: /Users/ray/projects/TEngine/UnityProject
ExitCode: 4 Duration: 0s116ms
Rebuilding DAG because FileSignature timestamp changed: Library/Bee/1300b0aEDbg-inputdata.json
*** Tundra requires additional run (0.10 seconds), 0 items updated, 0 evaluated
ExitCode: 0 Duration: 0s555ms
Starting: /Applications/Unity/Hub/Editor/6000.3.20f1/Unity.app/Contents/Resources/BuildPipeline/bee_backend --ipc --defer-dag-verification --dagfile="Library/Bee/1300b0aEDbg.dag" --continue-on-failure --dagfilejson="Library/Bee/1300b0aEDbg.dag.json" --profile="Library/Bee/backend2.traceevents" ScriptAssemblies
WorkingDir: /Users/ray/projects/TEngine/UnityProject
[40m[32minfo[39m[22m[49m: Microsoft.AspNetCore.Hosting.Diagnostics[1]
      Request starting HTTP/2 POST http://ilpp/UnityILPP.PostProcessing/ConfigurePostProcessors application/grpc -
[40m[32minfo[39m[22m[49m: Microsoft.AspNetCore.Routing.EndpointMiddleware[0]
      Executing endpoint 'gRPC - /UnityILPP.PostProcessing/ConfigurePostProcessors'
[40m[1m[33mwarn[39m[22m[49m: Unity.ILPP.Runner.PostProcessingAssemblyLoadContext[0]
      Assembly unityeditor.ios.extensions.xcode has duplicate hint path. Ignoring "/Applications/Unity/Hub/Editor/6000.3.20f1/Unity.app/Contents/PlaybackEngines/MacStandaloneSupport/UnityEditor.iOS.Extensions.Xcode.dll" in favor of "/Applications/Unity/Hub/Editor/6000.3.20f1/PlaybackEngines/iOSSupport/UnityEditor.iOS.Extensions.Xcode.dll"
[40m[32minfo[39m[22m[49m: Unity.ILPP.Runner.PostProcessingAssemblyLoadContext[0]
      Resolved Mono.Cecil, Version=0.11.5.0, Culture=neutral, PublicKeyToken=50cebf1cceb9d05e with Library/PackageCache/com.unity.nuget.mono-cecil@ecb9724e46ff/Mono.Cecil.dll
[40m[32minfo[39m[22m[49m: Microsoft.AspNetCore.Routing.EndpointMiddleware[1]
      Executed endpoint 'gRPC - /UnityILPP.PostProcessing/ConfigurePostProcessors'
[40m[32minfo[39m[22m[49m: Microsoft.AspNetCore.Hosting.Diagnostics[2]
      Request finished HTTP/2 POST http://ilpp/UnityILPP.PostProcessing/ConfigurePostProcessors application/grpc - - 200 - application/grpc 10.0370ms
ExitCode: 0 Duration: 0s295ms
Finished compiling graph: 993 nodes, 20927 flattened edges (17093 ToBuild, 174 ToUse), maximum node priority 1150
[743/990    0s] ILPP-Configuration Library/ilpp-configuration.nevergeneratedoutput
*** Tundra build success (0.29 seconds), 1 items updated, 990 evaluated
AssetDatabase: script compilation time: 1.388042s
Begin MonoManager ReloadAssembly
Total cache size 238513054
Total cache size after purge 238513054, took 00:00:00.0785520
Duplicate assembly 'System.Runtime.CompilerServices.Unsafe.dll' with different versions detected, using 'Assets/TEngine/Libraries/System.Runtime.CompilerServices.Unsafe.dll, AssemblyName=System.Runtime.CompilerServices.Unsafe, Version=6.0.0.0, Culture=neutral, PublicKeyToken=b03f5f7f11d50a3a' and ignoring 'Packages/com.gameworkstore.googleprotobufunity/Dependencies/System.Runtime.CompilerServices.Unsafe.dll, AssemblyName=System.Runtime.CompilerServices.Unsafe, Version=4.0.4.1, Culture=neutral, PublicKeyToken=b03f5f7f11d50a3a'.Duplicate assembly 'System.Runtime.CompilerServices.Unsafe.dll' with different versions detected, using 'Assets/TEngine/Libraries/System.Runtime.CompilerServices.Unsafe.dll, AssemblyName=System.Runtime.CompilerServices.Unsafe, Version=6.0.0.0, Culture=neutral, PublicKeyToken=b03f5f7f11d50a3a' and ignoring 'Packages/com.unity.pipeline/Runtime/Plugins/CodeAnalysis/System.Runtime.CompilerServices.Unsafe.dll, AssemblyName=System.Runtime.CompilerServices.Unsafe, Version=4.0.4.0, Culture=neutral, PublicKeyToken=b03f5f7f11d50a3a'.Symbol file LoadedFromMemory is not a mono symbol file
- Loaded All Assemblies, in  0.494 seconds
'Assets/TEngine/Editor/Localization/Localization/LocalizationEditor_Terms_Description.cs' contains partial class of Unity.Object, exactly 1 of the partial classes needs to be in a file with the same filename. This is to know the one that can be referenced from ie. GameObjects
'Assets/TEngine/Editor/Localization/Localization/LocalizationEditor_Tools_Categorize.cs' contains partial class of Unity.Object, exactly 1 of the partial classes needs to be in a file with the same filename. This is to know the one that can be referenced from ie. GameObjects
'Assets/TEngine/Editor/Localization/Localization/LocalizationEditor_Tools_MergeTerms.cs' contains partial class of Unity.Object, exactly 1 of the partial classes needs to be in a file with the same filename. This is to know the one that can be referenced from ie. GameObjects
'Assets/TEngine/Editor/Localization/Localization/LocalizationEditor_Warnings.cs' contains partial class of Unity.Object, exactly 1 of the partial classes needs to be in a file with the same filename. This is to know the one that can be referenced from ie. GameObjects
'Assets/TEngine/Editor/Localization/Localization/LocalizationEditor_Tools_Scenes.cs' contains partial class of Unity.Object, exactly 1 of the partial classes needs to be in a file with the same filename. This is to know the one that can be referenced from ie. GameObjects
'Assets/TEngine/Editor/Localization/Inspectors/LocalizationEditor.cs' contains partial class of Unity.Object, exactly 1 of the partial classes needs to be in a file with the same filename. This is to know the one that can be referenced from ie. GameObjects
'Assets/TEngine/Editor/Localization/Localization/LocalizationEditor_Spreadsheet_Google.cs' contains partial class of Unity.Object, exactly 1 of the partial classes needs to be in a file with the same filename. This is to know the one that can be referenced from ie. GameObjects
'Assets/TEngine/Editor/Localization/Localization/LocalizationEditor_Tools.cs' contains partial class of Unity.Object, exactly 1 of the partial classes needs to be in a file with the same filename. This is to know the one that can be referenced from ie. GameObjects
'Assets/TEngine/Editor/Localization/Localization/LocalizationEditor_Tools_CharSet.cs' contains partial class of Unity.Object, exactly 1 of the partial classes needs to be in a file with the same filename. This is to know the one that can be referenced from ie. GameObjects
'Assets/TEngine/Editor/Localization/Localization/LocalizationEditor_Languages.cs' contains partial class of Unity.Object, exactly 1 of the partial classes needs to be in a file with the same filename. This is to know the one that can be referenced from ie. GameObjects
'Assets/TEngine/Editor/Localization/Localization/LocalizationEditor_Tools_NoLocalized.cs' contains partial class of Unity.Object, exactly 1 of the partial classes needs to be in a file with the same filename. This is to know the one that can be referenced from ie. GameObjects
'Assets/TEngine/Editor/Localization/Localization/LocalizationEditor_Tools_ParseTerms.cs' contains partial class of Unity.Object, exactly 1 of the partial classes needs to be in a file with the same filename. This is to know the one that can be referenced from ie. GameObjects
'Assets/TEngine/Editor/Localization/Localization/LocalizationEditor_Terms.cs' contains partial class of Unity.Object, exactly 1 of the partial classes needs to be in a file with the same filename. This is to know the one that can be referenced from ie. GameObjects
'Assets/TEngine/Editor/Localization/Localization/LocalizationEditor_Spreadsheet_Local.cs' contains partial class of Unity.Object, exactly 1 of the partial classes needs to be in a file with the same filename. This is to know the one that can be referenced from ie. GameObjects
'Assets/TEngine/Editor/Localization/Localization/LocalizationEditor.cs' contains partial class of Unity.Object, exactly 1 of the partial classes needs to be in a file with the same filename. This is to know the one that can be referenced from ie. GameObjects
'Assets/TEngine/Editor/Localization/Localization/LocalizationEditor_Tools_Script.cs' contains partial class of Unity.Object, exactly 1 of the partial classes needs to be in a file with the same filename. This is to know the one that can be referenced from ie. GameObjects
Refreshing native plugins compatible for Editor in 0.14 ms, found 1 plugins.
Native extension for iOS target not found
Native extension for Android target not found
Native extension for OSXStandalone target not found
Native extension for WebGL target not found
Duplicate assembly 'System.Runtime.CompilerServices.Unsafe.dll' with different versions detected, using 'Assets/TEngine/Libraries/System.Runtime.CompilerServices.Unsafe.dll, AssemblyName=System.Runtime.CompilerServices.Unsafe, Version=6.0.0.0, Culture=neutral, PublicKeyToken=b03f5f7f11d50a3a' and ignoring 'Packages/com.gameworkstore.googleprotobufunity/Dependencies/System.Runtime.CompilerServices.Unsafe.dll, AssemblyName=System.Runtime.CompilerServices.Unsafe, Version=4.0.4.1, Culture=neutral, PublicKeyToken=b03f5f7f11d50a3a'.Duplicate assembly 'System.Runtime.CompilerServices.Unsafe.dll' with different versions detected, using 'Assets/TEngine/Libraries/System.Runtime.CompilerServices.Unsafe.dll, AssemblyName=System.Runtime.CompilerServices.Unsafe, Version=6.0.0.0, Culture=neutral, PublicKeyToken=b03f5f7f11d50a3a' and ignoring 'Packages/com.unity.pipeline/Runtime/Plugins/CodeAnalysis/System.Runtime.CompilerServices.Unsafe.dll, AssemblyName=System.Runtime.CompilerServices.Unsafe, Version=4.0.4.0, Culture=neutral, PublicKeyToken=b03f5f7f11d50a3a'.Duplicate assembly 'System.Runtime.CompilerServices.Unsafe.dll' with different versions detected, using 'Assets/TEngine/Libraries/System.Runtime.CompilerServices.Unsafe.dll, AssemblyName=System.Runtime.CompilerServices.Unsafe, Version=6.0.0.0, Culture=neutral, PublicKeyToken=b03f5f7f11d50a3a' and ignoring 'Packages/com.gameworkstore.googleprotobufunity/Dependencies/System.Runtime.CompilerServices.Unsafe.dll, AssemblyName=System.Runtime.CompilerServices.Unsafe, Version=4.0.4.1, Culture=neutral, PublicKeyToken=b03f5f7f11d50a3a'.Duplicate assembly 'System.Runtime.CompilerServices.Unsafe.dll' with different versions detected, using 'Assets/TEngine/Libraries/System.Runtime.CompilerServices.Unsafe.dll, AssemblyName=System.Runtime.CompilerServices.Unsafe, Version=6.0.0.0, Culture=neutral, PublicKeyToken=b03f5f7f11d50a3a' and ignoring 'Packages/com.unity.pipeline/Runtime/Plugins/CodeAnalysis/System.Runtime.CompilerServices.Unsafe.dll, AssemblyName=System.Runtime.CompilerServices.Unsafe, Version=4.0.4.0, Culture=neutral, PublicKeyToken=b03f5f7f11d50a3a'.Refreshing native plugins compatible for Editor in 0.20 ms, found 1 plugins.
Start HTTP server: port:7800
[Licensing::Client] Error: Code 404 while processing request (status: Found 0 entitlement groups and 0 free entitlements matching requested entitlement ids)
[Licensing::Client] Error: Code 404 while processing request (status: Found 0 entitlement groups and 0 free entitlements matching requested entitlement ids)
[Licensing::Client] Error: Code 404 while processing request (status: Found 0 entitlement groups and 0 free entitlements matching requested entitlement ids)
ScheduleIndexationOnStartup MainProcess:True IndexOnStartup:True
Mono: successfully reloaded assembly
- Finished resetting the current domain, in  0.827 seconds
Domain Reload Profiling: 1321ms
	BeginReloadAssembly (100ms)
		ExecutionOrderSort (0ms)
		DisableScriptedObjects (12ms)
		BackupInstance (0ms)
		ReleaseScriptingObjects (0ms)
		CreateAndSetChildDomain (38ms)
	RebuildCommonClasses (19ms)
	RebuildNativeTypeToScriptingClass (7ms)
	initialDomainReloadingComplete (22ms)
	LoadAllAssembliesAndSetupDomain (346ms)
		LoadAssemblies (194ms)
		RebuildTransferFunctionScriptingTraits (0ms)
		AnalyzeDomain (182ms)
			TypeCache.Refresh (163ms)
				TypeCache.ScanAssembly (151ms)
			BuildScriptInfoCaches (15ms)
			ResolveRequiredComponents (2ms)
	FinalizeReload (828ms)
		ReleaseScriptCaches (0ms)
		RebuildScriptCaches (0ms)
		SetupLoadedEditorAssemblies (748ms)
			LogAssemblyErrors (0ms)
			InitializePlatformSupportModulesInManaged (169ms)
			SetLoadedEditorAssemblies (7ms)
			BeforeProcessingInitializeOnLoad (101ms)
			ProcessInitializeOnLoadAttributes (413ms)
			ProcessInitializeOnLoadMethodAttributes (58ms)
			AfterProcessingInitializeOnLoad (1ms)
			EditorAssembliesLoaded (0ms)
		ExecutionOrderSort2 (0ms)
		AwakeInstancesAfterBackupRestoration (6ms)
Asset Pipeline Refresh (id=a7805b748436c4291907b21e43b36ae6): Total: 3.136 seconds - Initiated by InitialRefreshV2(ForceSynchronousImport)
	Summary:
		Imports: total=0 (actual=0, local cache=0, cache server=0)
		Asset DB Process Time: managed=0 ms, native=1207 ms
		Asset DB Callback time: managed=6 ms, native=9 ms
		Scripting: domain reloads=1, domain reload time=493 ms, compile time=1389 ms, other=29 ms
		Project Asset Count: scripts=1236, non-scripts=1176
		Asset File Changes: new=0, changed=0, moved=0, deleted=0
		Scan Filter Count: 1
	InvokeCustomDependenciesCallbacks: 0.001ms
	InvokePackagesCallback: 10.873ms
	ApplyChangesToAssetFolders: 0.183ms
	Scan: 230.488ms
	OnSourceAssetsModified: 0.000ms
	CategorizeAssetsWithTransientArtifact: 38.512ms
	ProcessAssetsWithTransientArtifactChanges: 19.697ms
	CategorizeAssets: 15.266ms
	ImportOutOfDateAssets: 830.183ms (-559.469ms without children)
		CompileScripts: 1388.950ms
		ReloadNativeAssets: 0.003ms
		UnloadImportedAssets: 0.099ms
		EnsureUptoDateAssetsAreRegisteredWithGuidPM: 0.238ms
		InitializingProgressBar: 0.000ms
		PostProcessAllAssetNotificationsAddChangedAssets: 0.000ms
		OnDemandSchedulerStart: 0.361ms
	PostProcessAllAssets: 6.429ms
	GatherAllCurrentPrimaryArtifactRevisions: 0.000ms
	UnloadStreamsBegin: 0.384ms
	PersistCurrentRevisions: 0.043ms
	UnloadStreamsEnd: 0.000ms
	GenerateScriptTypeHashes: 1.258ms
	Untracked: 1984.296ms

Application.AssetDatabase Initial Refresh End
Launching external process: /Applications/Unity/Hub/Editor/6000.3.20f1/Unity.app/Contents/Helpers/UnityShaderCompiler
Launched and connected shader compiler UnityShaderCompiler after 0.04 seconds
Scanning for USB devices : 0.299ms
Initializing Unity extensions:
[MODES] ModeService[none].Initialize
[MODES] ModeService[none].LoadModes
[MODES] Loading mode Default (0) for mode-current-id-UnityGame
2026-07-28 17:36:34.434 Unity[56126:585479] NSEventModifierFlagFunction specified to -setKeyEquivalentModifierMask: for item <NSMenuItem: 0xc7b350be0 一键打包AssetBundle, ke='Command-F8'>, but is only supported for system-provided menu items; will not be used
2026-07-28 17:36:34.434 Unity[56126:585479] NSEventModifierFlagFunction specified to -setKeyEquivalentModifierMask: for item <NSMenuItem: 0xc7b351900 查找资产引用, ke='Command-F10'>, but is only supported for system-provided menu items; will not be used
2026-07-28 17:36:34.435 Unity[56126:585479] NSEventModifierFlagFunction specified to -setKeyEquivalentModifierMask: for item <NSMenuItem: 0xc7b367b60 SDF, ke='Command-F12'>, but is only supported for system-provided menu items; will not be used
Unloading 5 Unused Serialized files (Serialized files now loaded: 0)
Unloading 4688 unused Assets / (1.7 MB). Loaded Objects now: 5300.
Memory consumption went from 163.5 MB to 161.8 MB.
Total: 12.146833 ms (FindLiveObjects: 0.179333 ms CreateObjectMapping: 0.094000 ms MarkObjects: 10.984208 ms  DeleteObjects: 0.889000 ms)

[BuildWithConfig] 编译热更DLL...
UnityEngine.Debug:ExtractStackTraceNoAlloc (byte*,int,string)
UnityEngine.StackTraceUtility:ExtractStackTrace () (at /Users/bokken/build/output/unity/unity/Runtime/Export/Scripting/StackTrace.cs:35)
UnityEngine.DebugLogHandler:Internal_Log (UnityEngine.LogType,UnityEngine.LogOption,string,UnityEngine.Object)
UnityEngine.DebugLogHandler:LogFormat (UnityEngine.LogType,UnityEngine.Object,string,object[])
UnityEngine.Logger:Log (UnityEngine.LogType,object)
UnityEngine.Debug:Log (object)
TEngine.ReleaseTools:BuildWithConfig (TEngine.BuildConfig,bool) (at Assets/TEngine/Editor/ReleaseTools/ReleaseTools.cs:124)
TEngine.ReleaseTools:AutomationBuildAndroid () (at Assets/TEngine/Editor/ReleaseTools/ReleaseTools.cs:97)

(Filename: Assets/TEngine/Editor/ReleaseTools/ReleaseTools.cs Line: 124)

[ScriptCompilation] Requested script compilation because: Recompiling all scripts before compiling player scripts because Auto Refresh is disabled.
Duplicate assembly 'System.Runtime.CompilerServices.Unsafe.dll' with different versions detected, using 'Assets/TEngine/Libraries/System.Runtime.CompilerServices.Unsafe.dll, AssemblyName=System.Runtime.CompilerServices.Unsafe, Version=6.0.0.0, Culture=neutral, PublicKeyToken=b03f5f7f11d50a3a' and ignoring 'Packages/com.gameworkstore.googleprotobufunity/Dependencies/System.Runtime.CompilerServices.Unsafe.dll, AssemblyName=System.Runtime.CompilerServices.Unsafe, Version=4.0.4.1, Culture=neutral, PublicKeyToken=b03f5f7f11d50a3a'.Duplicate assembly 'System.Runtime.CompilerServices.Unsafe.dll' with different versions detected, using 'Assets/TEngine/Libraries/System.Runtime.CompilerServices.Unsafe.dll, AssemblyName=System.Runtime.CompilerServices.Unsafe, Version=6.0.0.0, Culture=neutral, PublicKeyToken=b03f5f7f11d50a3a' and ignoring 'Packages/com.unity.pipeline/Runtime/Plugins/CodeAnalysis/System.Runtime.CompilerServices.Unsafe.dll, AssemblyName=System.Runtime.CompilerServices.Unsafe, Version=4.0.4.0, Culture=neutral, PublicKeyToken=b03f5f7f11d50a3a'.[40m[32minfo[39m[22m[49m: Microsoft.AspNetCore.Hosting.Diagnostics[1]
      Request starting HTTP/2 POST http://ilpp/UnityILPP.PostProcessing/Ping application/grpc -
[40m[32minfo[39m[22m[49m: Microsoft.AspNetCore.Routing.EndpointMiddleware[0]
      Executing endpoint 'gRPC - /UnityILPP.PostProcessing/Ping'
[40m[32minfo[39m[22m[49m: Microsoft.AspNetCore.Routing.EndpointMiddleware[1]
      Executed endpoint 'gRPC - /UnityILPP.PostProcessing/Ping'
[40m[32minfo[39m[22m[49m: Microsoft.AspNetCore.Hosting.Diagnostics[2]
      Request finished HTTP/2 POST http://ilpp/UnityILPP.PostProcessing/Ping application/grpc - - 200 - application/grpc 0.3558ms
Refreshing native plugins compatible for Editor in 0.15 ms, found 1 plugins.
Starting: /Applications/Unity/Hub/Editor/6000.3.20f1/Unity.app/Contents/Resources/BuildPipeline/bee_backend --ipc --defer-dag-verification --dagfile="Library/Bee/1300b0aEDbg.dag" --continue-on-failure --profile="Library/Bee/backend1.traceevents" ScriptAssemblies
WorkingDir: /Users/ray/projects/TEngine/UnityProject
[40m[32minfo[39m[22m[49m: Microsoft.AspNetCore.Hosting.Diagnostics[1]
      Request starting HTTP/2 POST http://ilpp/UnityILPP.PostProcessing/ConfigurePostProcessors application/grpc -
[40m[32minfo[39m[22m[49m: Microsoft.AspNetCore.Routing.EndpointMiddleware[0]
      Executing endpoint 'gRPC - /UnityILPP.PostProcessing/ConfigurePostProcessors'
[40m[32minfo[39m[22m[49m: Unity.ILPP.Runner.PostProcessingAssemblyLoadContext[0]
      Current configuration matches the requested one, skipping
[40m[32minfo[39m[22m[49m: Microsoft.AspNetCore.Routing.EndpointMiddleware[1]
      Executed endpoint 'gRPC - /UnityILPP.PostProcessing/ConfigurePostProcessors'
[40m[32minfo[39m[22m[49m: Microsoft.AspNetCore.Hosting.Diagnostics[2]
      Request finished HTTP/2 POST http://ilpp/UnityILPP.PostProcessing/ConfigurePostProcessors application/grpc - - 200 - application/grpc 2.4265ms
ExitCode: 0 Duration: 0s154ms
[743/990    0s] ILPP-Configuration Library/ilpp-configuration.nevergeneratedoutput
*** Tundra build success (0.14 seconds), 1 items updated, 990 evaluated
[ScriptCompilation] Requested script compilation because: Compiling scripts for player
Total cache size 238513054
Duplicate assembly 'System.Runtime.CompilerServices.Unsafe.dll' with different versions detected, using 'Assets/TEngine/Libraries/System.Runtime.CompilerServices.Unsafe.dll, AssemblyName=System.Runtime.CompilerServices.Unsafe, Version=6.0.0.0, Culture=neutral, PublicKeyToken=b03f5f7f11d50a3a' and ignoring 'Packages/com.gameworkstore.googleprotobufunity/Dependencies/System.Runtime.CompilerServices.Unsafe.dll, AssemblyName=System.Runtime.CompilerServices.Unsafe, Version=4.0.4.1, Culture=neutral, PublicKeyToken=b03f5f7f11d50a3a'.Duplicate assembly 'System.Runtime.CompilerServices.Unsafe.dll' with different versions detected, using 'Assets/TEngine/Libraries/System.Runtime.CompilerServices.Unsafe.dll, AssemblyName=System.Runtime.CompilerServices.Unsafe, Version=6.0.0.0, Culture=neutral, PublicKeyToken=b03f5f7f11d50a3a' and ignoring 'Packages/com.unity.pipeline/Runtime/Plugins/CodeAnalysis/System.Runtime.CompilerServices.Unsafe.dll, AssemblyName=System.Runtime.CompilerServices.Unsafe, Version=4.0.4.0, Culture=neutral, PublicKeyToken=b03f5f7f11d50a3a'.Total cache size after purge 238513054, took 00:00:00.0221837
[40m[32minfo[39m[22m[49m: Microsoft.AspNetCore.Hosting.Diagnostics[1]
      Request starting HTTP/2 POST http://ilpp/UnityILPP.PostProcessing/Ping application/grpc -
[40m[32minfo[39m[22m[49m: Microsoft.AspNetCore.Routing.EndpointMiddleware[0]
      Executing endpoint 'gRPC - /UnityILPP.PostProcessing/Ping'
[40m[32minfo[39m[22m[49m: Microsoft.AspNetCore.Routing.EndpointMiddleware[1]
      Executed endpoint 'gRPC - /UnityILPP.PostProcessing/Ping'
[40m[32minfo[39m[22m[49m: Microsoft.AspNetCore.Hosting.Diagnostics[2]
      Request finished HTTP/2 POST http://ilpp/UnityILPP.PostProcessing/Ping application/grpc - - 200 - application/grpc 0.1414ms
Starting: /Applications/Unity/Hub/Editor/6000.3.20f1/Unity.app/Contents/Resources/BuildPipeline/bee_backend --ipc --defer-dag-verification --dagfile="Library/Bee/1300b00P.dag" --continue-on-failure --profile="Library/Bee/backend1.traceevents" ScriptAssembliesAndTypeDB
WorkingDir: /Users/ray/projects/TEngine/UnityProject
Duplicate assembly 'System.Runtime.CompilerServices.Unsafe.dll' with different versions detected, using 'Assets/TEngine/Libraries/System.Runtime.CompilerServices.Unsafe.dll, AssemblyName=System.Runtime.CompilerServices.Unsafe, Version=6.0.0.0, Culture=neutral, PublicKeyToken=b03f5f7f11d50a3a' and ignoring 'Packages/com.gameworkstore.googleprotobufunity/Dependencies/System.Runtime.CompilerServices.Unsafe.dll, AssemblyName=System.Runtime.CompilerServices.Unsafe, Version=4.0.4.1, Culture=neutral, PublicKeyToken=b03f5f7f11d50a3a'.Duplicate assembly 'System.Runtime.CompilerServices.Unsafe.dll' with different versions detected, using 'Assets/TEngine/Libraries/System.Runtime.CompilerServices.Unsafe.dll, AssemblyName=System.Runtime.CompilerServices.Unsafe, Version=6.0.0.0, Culture=neutral, PublicKeyToken=b03f5f7f11d50a3a' and ignoring 'Packages/com.unity.pipeline/Runtime/Plugins/CodeAnalysis/System.Runtime.CompilerServices.Unsafe.dll, AssemblyName=System.Runtime.CompilerServices.Unsafe, Version=4.0.4.0, Culture=neutral, PublicKeyToken=b03f5f7f11d50a3a'.Duplicate assembly 'System.Runtime.CompilerServices.Unsafe.dll' with different versions detected, using 'Assets/TEngine/Libraries/System.Runtime.CompilerServices.Unsafe.dll, AssemblyName=System.Runtime.CompilerServices.Unsafe, Version=6.0.0.0, Culture=neutral, PublicKeyToken=b03f5f7f11d50a3a' and ignoring 'Packages/com.gameworkstore.googleprotobufunity/Dependencies/System.Runtime.CompilerServices.Unsafe.dll, AssemblyName=System.Runtime.CompilerServices.Unsafe, Version=4.0.4.1, Culture=neutral, PublicKeyToken=b03f5f7f11d50a3a'.Duplicate assembly 'System.Runtime.CompilerServices.Unsafe.dll' with different versions detected, using 'Assets/TEngine/Libraries/System.Runtime.CompilerServices.Unsafe.dll, AssemblyName=System.Runtime.CompilerServices.Unsafe, Version=6.0.0.0, Culture=neutral, PublicKeyToken=b03f5f7f11d50a3a' and ignoring 'Packages/com.unity.pipeline/Runtime/Plugins/CodeAnalysis/System.Runtime.CompilerServices.Unsafe.dll, AssemblyName=System.Runtime.CompilerServices.Unsafe, Version=4.0.4.0, Culture=neutral, PublicKeyToken=b03f5f7f11d50a3a'.Duplicate assembly 'System.Runtime.CompilerServices.Unsafe.dll' with different versions detected, using 'Assets/TEngine/Libraries/System.Runtime.CompilerServices.Unsafe.dll, AssemblyName=System.Runtime.CompilerServices.Unsafe, Version=6.0.0.0, Culture=neutral, PublicKeyToken=b03f5f7f11d50a3a' and ignoring 'Packages/com.gameworkstore.googleprotobufunity/Dependencies/System.Runtime.CompilerServices.Unsafe.dll, AssemblyName=System.Runtime.CompilerServices.Unsafe, Version=4.0.4.1, Culture=neutral, PublicKeyToken=b03f5f7f11d50a3a'.Duplicate assembly 'System.Runtime.CompilerServices.Unsafe.dll' with different versions detected, using 'Assets/TEngine/Libraries/System.Runtime.CompilerServices.Unsafe.dll, AssemblyName=System.Runtime.CompilerServices.Unsafe, Version=6.0.0.0, Culture=neutral, PublicKeyToken=b03f5f7f11d50a3a' and ignoring 'Packages/com.unity.pipeline/Runtime/Plugins/CodeAnalysis/System.Runtime.CompilerServices.Unsafe.dll, AssemblyName=System.Runtime.CompilerServices.Unsafe, Version=4.0.4.0, Culture=neutral, PublicKeyToken=b03f5f7f11d50a3a'.[40m[32minfo[39m[22m[49m: Microsoft.AspNetCore.Hosting.Diagnostics[1]
      Request starting HTTP/2 POST http://ilpp/UnityILPP.PostProcessing/ConfigurePostProcessors application/grpc -
[40m[32minfo[39m[22m[49m: Microsoft.AspNetCore.Routing.EndpointMiddleware[0]
      Executing endpoint 'gRPC - /UnityILPP.PostProcessing/ConfigurePostProcessors'
[40m[32minfo[39m[22m[49m: Unity.ILPP.Runner.PostProcessingAssemblyLoadContext[0]
      ALC ILPP context 1 is unloading
[40m[1m[33mwarn[39m[22m[49m: Unity.ILPP.Runner.PostProcessingAssemblyLoadContext[0]
      Assembly unityeditor.ios.extensions.xcode has duplicate hint path. Ignoring "/Applications/Unity/Hub/Editor/6000.3.20f1/Unity.app/Contents/PlaybackEngines/MacStandaloneSupport/UnityEditor.iOS.Extensions.Xcode.dll" in favor of "/Applications/Unity/Hub/Editor/6000.3.20f1/PlaybackEngines/iOSSupport/UnityEditor.iOS.Extensions.Xcode.dll"
[40m[32minfo[39m[22m[49m: Unity.ILPP.Runner.PostProcessingAssemblyLoadContext[0]
      Resolved Mono.Cecil, Version=0.11.5.0, Culture=neutral, PublicKeyToken=50cebf1cceb9d05e with Library/PackageCache/com.unity.nuget.mono-cecil@ecb9724e46ff/Mono.Cecil.dll
[40m[32minfo[39m[22m[49m: Microsoft.AspNetCore.Routing.EndpointMiddleware[1]
      Executed endpoint 'gRPC - /UnityILPP.PostProcessing/ConfigurePostProcessors'
[40m[32minfo[39m[22m[49m: Microsoft.AspNetCore.Hosting.Diagnostics[2]
      Request finished HTTP/2 POST http://ilpp/UnityILPP.PostProcessing/ConfigurePostProcessors application/grpc - - 200 - application/grpc 1.6628ms
ExitCode: 4 Duration: 0s114ms
Rebuilding DAG because FileSignature timestamp changed: Library/Bee/1300b00P-inputdata.json
[262/346    0s] ILPP-Configuration Library/ilpp-configuration.nevergeneratedoutput
*** Tundra requires additional run (0.10 seconds), 1 items updated, 261 evaluated
Starting: /Applications/Unity/Hub/Editor/6000.3.20f1/Unity.app/Contents/Resources/Scripting/netcorerun/netcorerun "/Applications/Unity/Hub/Editor/6000.3.20f1/Unity.app/Contents/Resources/BuildPipeline/ScriptCompilationBuildProgram.exe" "Library/Bee/1300b00P.dag.json" "Library/Bee/1300b00P-inputdata.json" "Library/Bee/buildprogram0.traceevents"
WorkingDir: /Users/ray/projects/TEngine/UnityProject
ExitCode: 0 Duration: 0s228ms
Starting: /Applications/Unity/Hub/Editor/6000.3.20f1/Unity.app/Contents/Resources/BuildPipeline/bee_backend --ipc --defer-dag-verification --dagfile="Library/Bee/1300b00P.dag" --continue-on-failure --dagfilejson="Library/Bee/1300b00P.dag.json" --profile="Library/Bee/backend2.traceevents" ScriptAssembliesAndTypeDB
WorkingDir: /Users/ray/projects/TEngine/UnityProject
[40m[32minfo[39m[22m[49m: Microsoft.AspNetCore.Hosting.Diagnostics[1]
      Request starting HTTP/2 POST http://ilpp/UnityILPP.PostProcessing/ConfigurePostProcessors application/grpc -
[40m[32minfo[39m[22m[49m: Microsoft.AspNetCore.Routing.EndpointMiddleware[0]
      Executing endpoint 'gRPC - /UnityILPP.PostProcessing/ConfigurePostProcessors'
[40m[32minfo[39m[22m[49m: Unity.ILPP.Runner.PostProcessingAssemblyLoadContext[0]
      Current configuration matches the requested one, skipping
[40m[32minfo[39m[22m[49m: Microsoft.AspNetCore.Routing.EndpointMiddleware[1]
      Executed endpoint 'gRPC - /UnityILPP.PostProcessing/ConfigurePostProcessors'
[40m[32minfo[39m[22m[49m: Microsoft.AspNetCore.Hosting.Diagnostics[2]
      Request finished HTTP/2 POST http://ilpp/UnityILPP.PostProcessing/ConfigurePostProcessors application/grpc - - 200 - application/grpc 0.4323ms
Total cache size 238513054
Total cache size after purge 238513054, took 00:00:00.0177830
ExitCode: 0 Duration: 0s667ms
Finished compiling graph: 347 nodes, 3683 flattened edges (3129 ToBuild, 56 ToUse), maximum node priority 223
[262/346    0s] ILPP-Configuration Library/ilpp-configuration.nevergeneratedoutput
[345/346    0s] BuildPlayerDataGenerator Library/BuildPlayerData/Player/RuntimeInitializeOnLoads.json (+1 other)
*** Tundra build success (0.56 seconds), 2 items updated, 346 evaluated
[40m[32minfo[39m[22m[49m: Microsoft.AspNetCore.Hosting.Diagnostics[1]
      Request starting HTTP/2 POST http://ilpp/UnityILPP.PostProcessing/Ping application/grpc -
[40m[32minfo[39m[22m[49m: Microsoft.AspNetCore.Routing.EndpointMiddleware[0]
      Executing endpoint 'gRPC - /UnityILPP.PostProcessing/Ping'
[40m[32minfo[39m[22m[49m: Microsoft.AspNetCore.Routing.EndpointMiddleware[1]
      Executed endpoint 'gRPC - /UnityILPP.PostProcessing/Ping'
[40m[32minfo[39m[22m[49m: Microsoft.AspNetCore.Hosting.Diagnostics[2]
      Request finished HTTP/2 POST http://ilpp/UnityILPP.PostProcessing/Ping application/grpc - - 200 - application/grpc 0.1383ms
Starting: /Applications/Unity/Hub/Editor/6000.3.20f1/Unity.app/Contents/Resources/BuildPipeline/bee_backend --ipc --defer-dag-verification --dagfile="Library/Bee/1300b0aEDbg.dag" --continue-on-failure --profile="Library/Bee/backend1.traceevents" ScriptAssembliesAndTypeDB
WorkingDir: /Users/ray/projects/TEngine/UnityProject
[40m[32minfo[39m[22m[49m: Microsoft.AspNetCore.Hosting.Diagnostics[1]
      Request starting HTTP/2 POST http://ilpp/UnityILPP.PostProcessing/ConfigurePostProcessors application/grpc -
[40m[32minfo[39m[22m[49m: Microsoft.AspNetCore.Routing.EndpointMiddleware[0]
      Executing endpoint 'gRPC - /UnityILPP.PostProcessing/ConfigurePostProcessors'
[40m[32minfo[39m[22m[49m: Unity.ILPP.Runner.PostProcessingAssemblyLoadContext[0]
      ALC ILPP context 2 is unloading
[40m[1m[33mwarn[39m[22m[49m: Unity.ILPP.Runner.PostProcessingAssemblyLoadContext[0]
      Assembly unityeditor.ios.extensions.xcode has duplicate hint path. Ignoring "/Applications/Unity/Hub/Editor/6000.3.20f1/Unity.app/Contents/PlaybackEngines/MacStandaloneSupport/UnityEditor.iOS.Extensions.Xcode.dll" in favor of "/Applications/Unity/Hub/Editor/6000.3.20f1/PlaybackEngines/iOSSupport/UnityEditor.iOS.Extensions.Xcode.dll"
[40m[32minfo[39m[22m[49m: Unity.ILPP.Runner.PostProcessingAssemblyLoadContext[0]
      Resolved Mono.Cecil, Version=0.11.5.0, Culture=neutral, PublicKeyToken=50cebf1cceb9d05e with Library/PackageCache/com.unity.nuget.mono-cecil@ecb9724e46ff/Mono.Cecil.dll
[40m[32minfo[39m[22m[49m: Microsoft.AspNetCore.Routing.EndpointMiddleware[1]
      Executed endpoint 'gRPC - /UnityILPP.PostProcessing/ConfigurePostProcessors'
[40m[32minfo[39m[22m[49m: Microsoft.AspNetCore.Hosting.Diagnostics[2]
      Request finished HTTP/2 POST http://ilpp/UnityILPP.PostProcessing/ConfigurePostProcessors application/grpc - - 200 - application/grpc 1.2315ms
Total cache size 238513054
Total cache size after purge 238513054, took 00:00:00.0119320
ExitCode: 0 Duration: 0s255ms
[743/992    0s] ILPP-Configuration Library/ilpp-configuration.nevergeneratedoutput
*** Tundra build success (0.14 seconds), 1 items updated, 992 evaluated
compile finish!!! buildDir:HybridCLRData/HotUpdateDlls/Android target:Android development:False
UnityEngine.Debug:ExtractStackTraceNoAlloc (byte*,int,string)
UnityEngine.StackTraceUtility:ExtractStackTrace () (at /Users/bokken/build/output/unity/unity/Runtime/Export/Scripting/StackTrace.cs:35)
UnityEngine.DebugLogHandler:Internal_Log (UnityEngine.LogType,UnityEngine.LogOption,string,UnityEngine.Object)
UnityEngine.DebugLogHandler:LogFormat (UnityEngine.LogType,UnityEngine.Object,string,object[])
UnityEngine.Logger:Log (UnityEngine.LogType,object)
UnityEngine.Debug:Log (object)
HybridCLR.Editor.Commands.CompileDllCommand:CompileDll (string,UnityEditor.BuildTarget,bool) (at ./Library/PackageCache/com.code-philosophy.hybridclr@4df417e56ad8/Editor/Commands/CompileDllCommand.cs:28)
HybridCLR.Editor.Commands.CompileDllCommand:CompileDll (UnityEditor.BuildTarget,bool) (at ./Library/PackageCache/com.code-philosophy.hybridclr@4df417e56ad8/Editor/Commands/CompileDllCommand.cs:38)
HybridCLR.Editor.Commands.CompileDllCommand:CompileDll (UnityEditor.BuildTarget) (at ./Library/PackageCache/com.code-philosophy.hybridclr@4df417e56ad8/Editor/Commands/CompileDllCommand.cs:33)
BuildDLLCommand:BuildAndCopyDlls () (at Assets/TEngine/Editor/HybridCLR/BuildDLLCommand.cs:91)
TEngine.ReleaseTools:BuildWithConfig (TEngine.BuildConfig,bool) (at Assets/TEngine/Editor/ReleaseTools/ReleaseTools.cs:125)
TEngine.ReleaseTools:AutomationBuildAndroid () (at Assets/TEngine/Editor/ReleaseTools/ReleaseTools.cs:97)

(Filename: ./Library/PackageCache/com.code-philosophy.hybridclr@4df417e56ad8/Editor/Commands/CompileDllCommand.cs Line: 28)

[CopyAOTAssembliesToStreamingAssets] copy AOT dll HybridCLRData/AssembliesPostIl2CppStrip/Android/mscorlib.dll -> /Users/ray/projects/TEngine/UnityProject/Assets/AssetRaw/DLL/mscorlib.dll.bytes
UnityEngine.Debug:ExtractStackTraceNoAlloc (byte*,int,string)
UnityEngine.StackTraceUtility:ExtractStackTrace () (at /Users/bokken/build/output/unity/unity/Runtime/Export/Scripting/StackTrace.cs:35)
UnityEngine.DebugLogHandler:Internal_Log (UnityEngine.LogType,UnityEngine.LogOption,string,UnityEngine.Object)
UnityEngine.DebugLogHandler:LogFormat (UnityEngine.LogType,UnityEngine.Object,string,object[])
UnityEngine.Logger:Log (UnityEngine.LogType,object)
UnityEngine.Debug:Log (object)
BuildDLLCommand:CopyAOTAssembliesToAssetPath () (at Assets/TEngine/Editor/HybridCLR/BuildDLLCommand.cs:153)
BuildDLLCommand:CopyAOTHotUpdateDlls (UnityEditor.BuildTarget) (at Assets/TEngine/Editor/HybridCLR/BuildDLLCommand.cs:106)
BuildDLLCommand:BuildAndCopyDlls () (at Assets/TEngine/Editor/HybridCLR/BuildDLLCommand.cs:92)
TEngine.ReleaseTools:BuildWithConfig (TEngine.BuildConfig,bool) (at Assets/TEngine/Editor/ReleaseTools/ReleaseTools.cs:125)
TEngine.ReleaseTools:AutomationBuildAndroid () (at Assets/TEngine/Editor/ReleaseTools/ReleaseTools.cs:97)

(Filename: Assets/TEngine/Editor/HybridCLR/BuildDLLCommand.cs Line: 153)

[CopyAOTAssembliesToStreamingAssets] copy AOT dll HybridCLRData/AssembliesPostIl2CppStrip/Android/System.dll -> /Users/ray/projects/TEngine/UnityProject/Assets/AssetRaw/DLL/System.dll.bytes
UnityEngine.Debug:ExtractStackTraceNoAlloc (byte*,int,string)
UnityEngine.StackTraceUtility:ExtractStackTrace () (at /Users/bokken/build/output/unity/unity/Runtime/Export/Scripting/StackTrace.cs:35)
UnityEngine.DebugLogHandler:Internal_Log (UnityEngine.LogType,UnityEngine.LogOption,string,UnityEngine.Object)
UnityEngine.DebugLogHandler:LogFormat (UnityEngine.LogType,UnityEngine.Object,string,object[])
UnityEngine.Logger:Log (UnityEngine.LogType,object)
UnityEngine.Debug:Log (object)
BuildDLLCommand:CopyAOTAssembliesToAssetPath () (at Assets/TEngine/Editor/HybridCLR/BuildDLLCommand.cs:153)
BuildDLLCommand:CopyAOTHotUpdateDlls (UnityEditor.BuildTarget) (at Assets/TEngine/Editor/HybridCLR/BuildDLLCommand.cs:106)
BuildDLLCommand:BuildAndCopyDlls () (at Assets/TEngine/Editor/HybridCLR/BuildDLLCommand.cs:92)
TEngine.ReleaseTools:BuildWithConfig (TEngine.BuildConfig,bool) (at Assets/TEngine/Editor/ReleaseTools/ReleaseTools.cs:125)
TEngine.ReleaseTools:AutomationBuildAndroid () (at Assets/TEngine/Editor/ReleaseTools/ReleaseTools.cs:97)

(Filename: Assets/TEngine/Editor/HybridCLR/BuildDLLCommand.cs Line: 153)

[CopyAOTAssembliesToStreamingAssets] copy AOT dll HybridCLRData/AssembliesPostIl2CppStrip/Android/System.Core.dll -> /Users/ray/projects/TEngine/UnityProject/Assets/AssetRaw/DLL/System.Core.dll.bytes
UnityEngine.Debug:ExtractStackTraceNoAlloc (byte*,int,string)
UnityEngine.StackTraceUtility:ExtractStackTrace () (at /Users/bokken/build/output/unity/unity/Runtime/Export/Scripting/StackTrace.cs:35)
UnityEngine.DebugLogHandler:Internal_Log (UnityEngine.LogType,UnityEngine.LogOption,string,UnityEngine.Object)
UnityEngine.DebugLogHandler:LogFormat (UnityEngine.LogType,UnityEngine.Object,string,object[])
UnityEngine.Logger:Log (UnityEngine.LogType,object)
UnityEngine.Debug:Log (object)
BuildDLLCommand:CopyAOTAssembliesToAssetPath () (at Assets/TEngine/Editor/HybridCLR/BuildDLLCommand.cs:153)
BuildDLLCommand:CopyAOTHotUpdateDlls (UnityEditor.BuildTarget) (at Assets/TEngine/Editor/HybridCLR/BuildDLLCommand.cs:106)
BuildDLLCommand:BuildAndCopyDlls () (at Assets/TEngine/Editor/HybridCLR/BuildDLLCommand.cs:92)
TEngine.ReleaseTools:BuildWithConfig (TEngine.BuildConfig,bool) (at Assets/TEngine/Editor/ReleaseTools/ReleaseTools.cs:125)
TEngine.ReleaseTools:AutomationBuildAndroid () (at Assets/TEngine/Editor/ReleaseTools/ReleaseTools.cs:97)

(Filename: Assets/TEngine/Editor/HybridCLR/BuildDLLCommand.cs Line: 153)

[CopyAOTAssembliesToStreamingAssets] copy AOT dll HybridCLRData/AssembliesPostIl2CppStrip/Android/TEngine.Runtime.dll -> /Users/ray/projects/TEngine/UnityProject/Assets/AssetRaw/DLL/TEngine.Runtime.dll.bytes
UnityEngine.Debug:ExtractStackTraceNoAlloc (byte*,int,string)
UnityEngine.StackTraceUtility:ExtractStackTrace () (at /Users/bokken/build/output/unity/unity/Runtime/Export/Scripting/StackTrace.cs:35)
UnityEngine.DebugLogHandler:Internal_Log (UnityEngine.LogType,UnityEngine.LogOption,string,UnityEngine.Object)
UnityEngine.DebugLogHandler:LogFormat (UnityEngine.LogType,UnityEngine.Object,string,object[])
UnityEngine.Logger:Log (UnityEngine.LogType,object)
UnityEngine.Debug:Log (object)
BuildDLLCommand:CopyAOTAssembliesToAssetPath () (at Assets/TEngine/Editor/HybridCLR/BuildDLLCommand.cs:153)
BuildDLLCommand:CopyAOTHotUpdateDlls (UnityEditor.BuildTarget) (at Assets/TEngine/Editor/HybridCLR/BuildDLLCommand.cs:106)
BuildDLLCommand:BuildAndCopyDlls () (at Assets/TEngine/Editor/HybridCLR/BuildDLLCommand.cs:92)
TEngine.ReleaseTools:BuildWithConfig (TEngine.BuildConfig,bool) (at Assets/TEngine/Editor/ReleaseTools/ReleaseTools.cs:125)
TEngine.ReleaseTools:AutomationBuildAndroid () (at Assets/TEngine/Editor/ReleaseTools/ReleaseTools.cs:97)

(Filename: Assets/TEngine/Editor/HybridCLR/BuildDLLCommand.cs Line: 153)

[CopyAOTAssembliesToStreamingAssets] copy AOT dll HybridCLRData/AssembliesPostIl2CppStrip/Android/UniTask.dll -> /Users/ray/projects/TEngine/UnityProject/Assets/AssetRaw/DLL/UniTask.dll.bytes
UnityEngine.Debug:ExtractStackTraceNoAlloc (byte*,int,string)
UnityEngine.StackTraceUtility:ExtractStackTrace () (at /Users/bokken/build/output/unity/unity/Runtime/Export/Scripting/StackTrace.cs:35)
UnityEngine.DebugLogHandler:Internal_Log (UnityEngine.LogType,UnityEngine.LogOption,string,UnityEngine.Object)
UnityEngine.DebugLogHandler:LogFormat (UnityEngine.LogType,UnityEngine.Object,string,object[])
UnityEngine.Logger:Log (UnityEngine.LogType,object)
UnityEngine.Debug:Log (object)
BuildDLLCommand:CopyAOTAssembliesToAssetPath () (at Assets/TEngine/Editor/HybridCLR/BuildDLLCommand.cs:153)
BuildDLLCommand:CopyAOTHotUpdateDlls (UnityEditor.BuildTarget) (at Assets/TEngine/Editor/HybridCLR/BuildDLLCommand.cs:106)
BuildDLLCommand:BuildAndCopyDlls () (at Assets/TEngine/Editor/HybridCLR/BuildDLLCommand.cs:92)
TEngine.ReleaseTools:BuildWithConfig (TEngine.BuildConfig,bool) (at Assets/TEngine/Editor/ReleaseTools/ReleaseTools.cs:125)
TEngine.ReleaseTools:AutomationBuildAndroid () (at Assets/TEngine/Editor/ReleaseTools/ReleaseTools.cs:97)

(Filename: Assets/TEngine/Editor/HybridCLR/BuildDLLCommand.cs Line: 153)

[CopyAOTAssembliesToStreamingAssets] copy AOT dll HybridCLRData/AssembliesPostIl2CppStrip/Android/YooAsset.dll -> /Users/ray/projects/TEngine/UnityProject/Assets/AssetRaw/DLL/YooAsset.dll.bytes
UnityEngine.Debug:ExtractStackTraceNoAlloc (byte*,int,string)
UnityEngine.StackTraceUtility:ExtractStackTrace () (at /Users/bokken/build/output/unity/unity/Runtime/Export/Scripting/StackTrace.cs:35)
UnityEngine.DebugLogHandler:Internal_Log (UnityEngine.LogType,UnityEngine.LogOption,string,UnityEngine.Object)
UnityEngine.DebugLogHandler:LogFormat (UnityEngine.LogType,UnityEngine.Object,string,object[])
UnityEngine.Logger:Log (UnityEngine.LogType,object)
UnityEngine.Debug:Log (object)
BuildDLLCommand:CopyAOTAssembliesToAssetPath () (at Assets/TEngine/Editor/HybridCLR/BuildDLLCommand.cs:153)
BuildDLLCommand:CopyAOTHotUpdateDlls (UnityEditor.BuildTarget) (at Assets/TEngine/Editor/HybridCLR/BuildDLLCommand.cs:106)
BuildDLLCommand:BuildAndCopyDlls () (at Assets/TEngine/Editor/HybridCLR/BuildDLLCommand.cs:92)
TEngine.ReleaseTools:BuildWithConfig (TEngine.BuildConfig,bool) (at Assets/TEngine/Editor/ReleaseTools/ReleaseTools.cs:125)
TEngine.ReleaseTools:AutomationBuildAndroid () (at Assets/TEngine/Editor/ReleaseTools/ReleaseTools.cs:97)

(Filename: Assets/TEngine/Editor/HybridCLR/BuildDLLCommand.cs Line: 153)

[CopyAOTAssembliesToStreamingAssets] copy AOT dll HybridCLRData/AssembliesPostIl2CppStrip/Android/UnityEngine.CoreModule.dll -> /Users/ray/projects/TEngine/UnityProject/Assets/AssetRaw/DLL/UnityEngine.CoreModule.dll.bytes
UnityEngine.Debug:ExtractStackTraceNoAlloc (byte*,int,string)
UnityEngine.StackTraceUtility:ExtractStackTrace () (at /Users/bokken/build/output/unity/unity/Runtime/Export/Scripting/StackTrace.cs:35)
UnityEngine.DebugLogHandler:Internal_Log (UnityEngine.LogType,UnityEngine.LogOption,string,UnityEngine.Object)
UnityEngine.DebugLogHandler:LogFormat (UnityEngine.LogType,UnityEngine.Object,string,object[])
UnityEngine.Logger:Log (UnityEngine.LogType,object)
UnityEngine.Debug:Log (object)
BuildDLLCommand:CopyAOTAssembliesToAssetPath () (at Assets/TEngine/Editor/HybridCLR/BuildDLLCommand.cs:153)
BuildDLLCommand:CopyAOTHotUpdateDlls (UnityEditor.BuildTarget) (at Assets/TEngine/Editor/HybridCLR/BuildDLLCommand.cs:106)
BuildDLLCommand:BuildAndCopyDlls () (at Assets/TEngine/Editor/HybridCLR/BuildDLLCommand.cs:92)
TEngine.ReleaseTools:BuildWithConfig (TEngine.BuildConfig,bool) (at Assets/TEngine/Editor/ReleaseTools/ReleaseTools.cs:125)
TEngine.ReleaseTools:AutomationBuildAndroid () (at Assets/TEngine/Editor/ReleaseTools/ReleaseTools.cs:97)

(Filename: Assets/TEngine/Editor/HybridCLR/BuildDLLCommand.cs Line: 153)

[CopyAOTAssembliesToStreamingAssets] copy AOT dll HybridCLRData/AssembliesPostIl2CppStrip/Android/GameWorkstore.Google.Protobuf.dll -> /Users/ray/projects/TEngine/UnityProject/Assets/AssetRaw/DLL/GameWorkstore.Google.Protobuf.dll.bytes
UnityEngine.Debug:ExtractStackTraceNoAlloc (byte*,int,string)
UnityEngine.StackTraceUtility:ExtractStackTrace () (at /Users/bokken/build/output/unity/unity/Runtime/Export/Scripting/StackTrace.cs:35)
UnityEngine.DebugLogHandler:Internal_Log (UnityEngine.LogType,UnityEngine.LogOption,string,UnityEngine.Object)
UnityEngine.DebugLogHandler:LogFormat (UnityEngine.LogType,UnityEngine.Object,string,object[])
UnityEngine.Logger:Log (UnityEngine.LogType,object)
UnityEngine.Debug:Log (object)
BuildDLLCommand:CopyAOTAssembliesToAssetPath () (at Assets/TEngine/Editor/HybridCLR/BuildDLLCommand.cs:153)
BuildDLLCommand:CopyAOTHotUpdateDlls (UnityEditor.BuildTarget) (at Assets/TEngine/Editor/HybridCLR/BuildDLLCommand.cs:106)
BuildDLLCommand:BuildAndCopyDlls () (at Assets/TEngine/Editor/HybridCLR/BuildDLLCommand.cs:92)
TEngine.ReleaseTools:BuildWithConfig (TEngine.BuildConfig,bool) (at Assets/TEngine/Editor/ReleaseTools/ReleaseTools.cs:125)
TEngine.ReleaseTools:AutomationBuildAndroid () (at Assets/TEngine/Editor/ReleaseTools/ReleaseTools.cs:97)

(Filename: Assets/TEngine/Editor/HybridCLR/BuildDLLCommand.cs Line: 153)

[CopyAOTAssembliesToStreamingAssets] copy AOT dll HybridCLRData/AssembliesPostIl2CppStrip/Android/UnityEngine.UIElementsModule.dll -> /Users/ray/projects/TEngine/UnityProject/Assets/AssetRaw/DLL/UnityEngine.UIElementsModule.dll.bytes
UnityEngine.Debug:ExtractStackTraceNoAlloc (byte*,int,string)
UnityEngine.StackTraceUtility:ExtractStackTrace () (at /Users/bokken/build/output/unity/unity/Runtime/Export/Scripting/StackTrace.cs:35)
UnityEngine.DebugLogHandler:Internal_Log (UnityEngine.LogType,UnityEngine.LogOption,string,UnityEngine.Object)
UnityEngine.DebugLogHandler:LogFormat (UnityEngine.LogType,UnityEngine.Object,string,object[])
UnityEngine.Logger:Log (UnityEngine.LogType,object)
UnityEngine.Debug:Log (object)
BuildDLLCommand:CopyAOTAssembliesToAssetPath () (at Assets/TEngine/Editor/HybridCLR/BuildDLLCommand.cs:153)
BuildDLLCommand:CopyAOTHotUpdateDlls (UnityEditor.BuildTarget) (at Assets/TEngine/Editor/HybridCLR/BuildDLLCommand.cs:106)
BuildDLLCommand:BuildAndCopyDlls () (at Assets/TEngine/Editor/HybridCLR/BuildDLLCommand.cs:92)
TEngine.ReleaseTools:BuildWithConfig (TEngine.BuildConfig,bool) (at Assets/TEngine/Editor/ReleaseTools/ReleaseTools.cs:125)
TEngine.ReleaseTools:AutomationBuildAndroid () (at Assets/TEngine/Editor/ReleaseTools/ReleaseTools.cs:97)

(Filename: Assets/TEngine/Editor/HybridCLR/BuildDLLCommand.cs Line: 153)

[CopyHotUpdateAssembliesToStreamingAssets] copy hotfix dll HybridCLRData/HotUpdateDlls/Android/GameProto.dll -> /Users/ray/projects/TEngine/UnityProject/Assets/AssetRaw/DLL/GameProto.dll.bytes
UnityEngine.Debug:ExtractStackTraceNoAlloc (byte*,int,string)
UnityEngine.StackTraceUtility:ExtractStackTrace () (at /Users/bokken/build/output/unity/unity/Runtime/Export/Scripting/StackTrace.cs:35)
UnityEngine.DebugLogHandler:Internal_Log (UnityEngine.LogType,UnityEngine.LogOption,string,UnityEngine.Object)
UnityEngine.DebugLogHandler:LogFormat (UnityEngine.LogType,UnityEngine.Object,string,object[])
UnityEngine.Logger:Log (UnityEngine.LogType,object)
UnityEngine.Debug:Log (object)
BuildDLLCommand:CopyHotUpdateAssembliesToAssetPath () (at Assets/TEngine/Editor/HybridCLR/BuildDLLCommand.cs:170)
BuildDLLCommand:CopyAOTHotUpdateDlls (UnityEditor.BuildTarget) (at Assets/TEngine/Editor/HybridCLR/BuildDLLCommand.cs:107)
BuildDLLCommand:BuildAndCopyDlls () (at Assets/TEngine/Editor/HybridCLR/BuildDLLCommand.cs:92)
TEngine.ReleaseTools:BuildWithConfig (TEngine.BuildConfig,bool) (at Assets/TEngine/Editor/ReleaseTools/ReleaseTools.cs:125)
TEngine.ReleaseTools:AutomationBuildAndroid () (at Assets/TEngine/Editor/ReleaseTools/ReleaseTools.cs:97)

(Filename: Assets/TEngine/Editor/HybridCLR/BuildDLLCommand.cs Line: 170)

[CopyHotUpdateAssembliesToStreamingAssets] copy hotfix dll HybridCLRData/HotUpdateDlls/Android/GameLogic.dll -> /Users/ray/projects/TEngine/UnityProject/Assets/AssetRaw/DLL/GameLogic.dll.bytes
UnityEngine.Debug:ExtractStackTraceNoAlloc (byte*,int,string)
UnityEngine.StackTraceUtility:ExtractStackTrace () (at /Users/bokken/build/output/unity/unity/Runtime/Export/Scripting/StackTrace.cs:35)
UnityEngine.DebugLogHandler:Internal_Log (UnityEngine.LogType,UnityEngine.LogOption,string,UnityEngine.Object)
UnityEngine.DebugLogHandler:LogFormat (UnityEngine.LogType,UnityEngine.Object,string,object[])
UnityEngine.Logger:Log (UnityEngine.LogType,object)
UnityEngine.Debug:Log (object)
BuildDLLCommand:CopyHotUpdateAssembliesToAssetPath () (at Assets/TEngine/Editor/HybridCLR/BuildDLLCommand.cs:170)
BuildDLLCommand:CopyAOTHotUpdateDlls (UnityEditor.BuildTarget) (at Assets/TEngine/Editor/HybridCLR/BuildDLLCommand.cs:107)
BuildDLLCommand:BuildAndCopyDlls () (at Assets/TEngine/Editor/HybridCLR/BuildDLLCommand.cs:92)
TEngine.ReleaseTools:BuildWithConfig (TEngine.BuildConfig,bool) (at Assets/TEngine/Editor/ReleaseTools/ReleaseTools.cs:125)
TEngine.ReleaseTools:AutomationBuildAndroid () (at Assets/TEngine/Editor/ReleaseTools/ReleaseTools.cs:97)

(Filename: Assets/TEngine/Editor/HybridCLR/BuildDLLCommand.cs Line: 170)

Start importing Assets/AssetRaw/DLL/UniTask.dll.bytes using Guid(1113fdd124ae84034985c4c3605f26f7) (TextScriptImporter) -> (artifact id: '30b787152d0a2cc3da4af4c552709a5b') in 0.005168083 seconds
Start importing Assets/AssetRaw/DLL/System.Core.dll.bytes using Guid(31f74bd34e6e94fc781c2ba32a9363a0) (TextScriptImporter) -> (artifact id: '36f1c14d2119b2f3bb7593c57ce865ec') in 0.000716958 seconds
Start importing Assets/AssetRaw/DLL/YooAsset.dll.bytes using Guid(719a285def97e41a694ad3ddb111b78d) (TextScriptImporter) -> (artifact id: '2ecfd1178771b6d8121d7a64ae79d392') in 0.000713333 seconds
Start importing Assets/AssetRaw/DLL/UnityEngine.CoreModule.dll.bytes using Guid(32391ebd91b12466e827d308d75ceb67) (TextScriptImporter) -> (artifact id: '55604385e5d62250a3d31421a7f265ed') in 0.000688959 seconds
Start importing Assets/AssetRaw/DLL/UnityEngine.UIElementsModule.dll.bytes using Guid(d676eea593db144fcb40489b0e144f47) (TextScriptImporter) -> (artifact id: 'd1ca825506067c9659423391d6bc612b') in 0.00103025 seconds
Start importing Assets/AssetRaw/DLL/TEngine.Runtime.dll.bytes using Guid(6a319d21bd26c4434b6a4744d28260c2) (TextScriptImporter) -> (artifact id: '5b4032f45f4319dfbbb1e8c8c6accd73') in 0.000578541 seconds
Start importing Assets/AssetRaw/DLL/GameWorkstore.Google.Protobuf.dll.bytes using Guid(5cc3812f6eff04416b6739750067081c) (TextScriptImporter) -> (artifact id: '00c3c7c5102e8cf47b4c2070db8ea61c') in 0.000597917 seconds
Start importing Assets/AssetRaw/DLL/System.dll.bytes using Guid(9d74d70c0b97547a0bc0592c40ff62c5) (TextScriptImporter) -> (artifact id: '896d0db117bc0742b1c6dadb2a5f73f0') in 0.000462042 seconds
Start importing Assets/AssetRaw/DLL/mscorlib.dll.bytes using Guid(6ebae5bfeeb7447359c66e9ddd0cb02b) (TextScriptImporter) -> (artifact id: '8d9f5d608628424db18e0e2fd1af4c91') in 0.0010155 seconds
Start importing Assets/AssetRaw/DLL/GameProto.dll.bytes using Guid(1f71d86a06d904468a55d38bc6ce43c0) (TextScriptImporter) -> (artifact id: '0ba1e0e3807c6e9f045bebf84a3cfe93') in 0.000499167 seconds
Start importing Assets/AssetRaw/DLL/GameLogic.dll.bytes using Guid(2f09fd9f689434e33a132a3442dbed53) (TextScriptImporter) -> (artifact id: '0de75df5ed08b5d1c254cece3d662251') in 0.000471334 seconds
DisplayProgressbar: 处理图集资源
Refreshing native plugins compatible for Editor in 0.17 ms, found 1 plugins.
Preloading 0 native plugins for Editor in 0.00 ms.
Asset Pipeline Refresh (id=d9453b1934689428b8cd71f656875016): Total: 0.220 seconds - Initiated by RefreshV2(NoUpdateAssetOptions)
Asset Pipeline Refresh (id=78d41fabe857f4342ab9cb2aaafb1fc5): Total: 0.041 seconds - Initiated by RefreshV2(NoUpdateAssetOptions)
开始构建 : Android
UnityEngine.Debug:ExtractStackTraceNoAlloc (byte*,int,string)
UnityEngine.StackTraceUtility:ExtractStackTrace () (at /Users/bokken/build/output/unity/unity/Runtime/Export/Scripting/StackTrace.cs:35)
UnityEngine.DebugLogHandler:Internal_Log (UnityEngine.LogType,UnityEngine.LogOption,string,UnityEngine.Object)
UnityEngine.DebugLogHandler:LogFormat (UnityEngine.LogType,UnityEngine.Object,string,object[])
UnityEngine.Logger:Log (UnityEngine.LogType,object)
UnityEngine.Debug:Log (object)
TEngine.ReleaseTools:BuildInternalWithConfig (TEngine.BuildConfig) (at Assets/TEngine/Editor/ReleaseTools/ReleaseTools.cs:167)
TEngine.ReleaseTools:BuildWithConfig (TEngine.BuildConfig,bool) (at Assets/TEngine/Editor/ReleaseTools/ReleaseTools.cs:132)
TEngine.ReleaseTools:AutomationBuildAndroid () (at Assets/TEngine/Editor/ReleaseTools/ReleaseTools.cs:97)

(Filename: Assets/TEngine/Editor/ReleaseTools/ReleaseTools.cs Line: 167)

YooAsset use user settings.
UnityEngine.Debug:ExtractStackTraceNoAlloc (byte*,int,string)
UnityEngine.StackTraceUtility:ExtractStackTrace () (at /Users/bokken/build/output/unity/unity/Runtime/Export/Scripting/StackTrace.cs:35)
UnityEngine.DebugLogHandler:Internal_Log (UnityEngine.LogType,UnityEngine.LogOption,string,UnityEngine.Object)
UnityEngine.DebugLogHandler:LogFormat (UnityEngine.LogType,UnityEngine.Object,string,object[])
UnityEngine.Logger:Log (UnityEngine.LogType,object)
UnityEngine.Debug:Log (object)
YooAsset.YooLogger:Log (string) (at ./Packages/YooAsset/Runtime/Utility/YooLogger.cs:32)
YooAsset.YooAssetSettingsData:LoadSettingData () (at ./Packages/YooAsset/Runtime/Settings/YooAssetSettingsData.cs:40)
YooAsset.YooAssetSettingsData:get_Setting () (at ./Packages/YooAsset/Runtime/Settings/YooAssetSettingsData.cs:22)
YooAsset.YooAssetSettingsData:GetYooDefaultBuildinRoot () (at ./Packages/YooAsset/Runtime/Settings/YooAssetSettingsData.cs:196)
YooAsset.Editor.AssetBundleBuilderHelper:GetStreamingAssetsRoot () (at ./Packages/YooAsset/Editor/AssetBundleBuilder/AssetBundleBuilderHelper.cs:25)
TEngine.ReleaseTools:BuildInternalWithConfig (TEngine.BuildConfig) (at Assets/TEngine/Editor/ReleaseTools/ReleaseTools.cs:197)
TEngine.ReleaseTools:BuildWithConfig (TEngine.BuildConfig,bool) (at Assets/TEngine/Editor/ReleaseTools/ReleaseTools.cs:132)
TEngine.ReleaseTools:AutomationBuildAndroid () (at Assets/TEngine/Editor/ReleaseTools/ReleaseTools.cs:97)

(Filename: ./Packages/YooAsset/Runtime/Settings/YooAssetSettingsData.cs Line: 40)

Logger initialized at 2026-07-28 17:36:36
UnityEngine.Debug:ExtractStackTraceNoAlloc (byte*,int,string)
UnityEngine.StackTraceUtility:ExtractStackTrace () (at /Users/bokken/build/output/unity/unity/Runtime/Export/Scripting/StackTrace.cs:35)
UnityEngine.DebugLogHandler:Internal_Log (UnityEngine.LogType,UnityEngine.LogOption,string,UnityEngine.Object)
UnityEngine.DebugLogHandler:LogFormat (UnityEngine.LogType,UnityEngine.Object,string,object[])
UnityEngine.Logger:Log (UnityEngine.LogType,object)
UnityEngine.Debug:Log (object)
YooAsset.Editor.BuildLogger:InitLogger (bool,string) (at ./Packages/YooAsset/Editor/AssetBundleBuilder/BuildSystem/BuildLogger.cs:33)
YooAsset.Editor.AssetBundleBuilder:Run (YooAsset.Editor.BuildParameters,System.Collections.Generic.List`1<YooAsset.Editor.IBuildTask>,bool) (at ./Packages/YooAsset/Editor/AssetBundleBuilder/AssetBundleBuilder.cs:37)
YooAsset.Editor.ScriptableBuildPipeline:Run (YooAsset.Editor.BuildParameters,bool) (at ./Packages/YooAsset/Editor/AssetBundleBuilder/BuildPipeline/ScriptableBuildPipeline/ScriptableBuildPipeline.cs:14)
TEngine.ReleaseTools:BuildInternalWithConfig (TEngine.BuildConfig) (at Assets/TEngine/Editor/ReleaseTools/ReleaseTools.cs:212)
TEngine.ReleaseTools:BuildWithConfig (TEngine.BuildConfig,bool) (at Assets/TEngine/Editor/ReleaseTools/ReleaseTools.cs:132)
TEngine.ReleaseTools:AutomationBuildAndroid () (at Assets/TEngine/Editor/ReleaseTools/ReleaseTools.cs:97)

(Filename: ./Packages/YooAsset/Editor/AssetBundleBuilder/BuildSystem/BuildLogger.cs Line: 33)

Begin to build package : DefaultPackage by ScriptableBuildPipeline
UnityEngine.Debug:ExtractStackTraceNoAlloc (byte*,int,string)
UnityEngine.StackTraceUtility:ExtractStackTrace () (at /Users/bokken/build/output/unity/unity/Runtime/Export/Scripting/StackTrace.cs:35)
UnityEngine.DebugLogHandler:Internal_Log (UnityEngine.LogType,UnityEngine.LogOption,string,UnityEngine.Object)
UnityEngine.DebugLogHandler:LogFormat (UnityEngine.LogType,UnityEngine.Object,string,object[])
UnityEngine.Logger:Log (UnityEngine.LogType,object)
UnityEngine.Debug:Log (object)
YooAsset.Editor.BuildLogger:Log (string) (at ./Packages/YooAsset/Editor/AssetBundleBuilder/BuildSystem/BuildLogger.cs:68)
YooAsset.Editor.AssetBundleBuilder:Run (YooAsset.Editor.BuildParameters,System.Collections.Generic.List`1<YooAsset.Editor.IBuildTask>,bool) (at ./Packages/YooAsset/Editor/AssetBundleBuilder/AssetBundleBuilder.cs:40)
YooAsset.Editor.ScriptableBuildPipeline:Run (YooAsset.Editor.BuildParameters,bool) (at ./Packages/YooAsset/Editor/AssetBundleBuilder/BuildPipeline/ScriptableBuildPipeline/ScriptableBuildPipeline.cs:14)
TEngine.ReleaseTools:BuildInternalWithConfig (TEngine.BuildConfig) (at Assets/TEngine/Editor/ReleaseTools/ReleaseTools.cs:212)
TEngine.ReleaseTools:BuildWithConfig (TEngine.BuildConfig,bool) (at Assets/TEngine/Editor/ReleaseTools/ReleaseTools.cs:132)
TEngine.ReleaseTools:AutomationBuildAndroid () (at Assets/TEngine/Editor/ReleaseTools/ReleaseTools.cs:97)

(Filename: ./Packages/YooAsset/Editor/AssetBundleBuilder/AssetBundleBuilder.cs Line: 40)

--------------------------------------------->TaskPrepare<--------------------------------------------
UnityEngine.Debug:ExtractStackTraceNoAlloc (byte*,int,string)
UnityEngine.StackTraceUtility:ExtractStackTrace () (at /Users/bokken/build/output/unity/unity/Runtime/Export/Scripting/StackTrace.cs:35)
UnityEngine.DebugLogHandler:Internal_Log (UnityEngine.LogType,UnityEngine.LogOption,string,UnityEngine.Object)
UnityEngine.DebugLogHandler:LogFormat (UnityEngine.LogType,UnityEngine.Object,string,object[])
UnityEngine.Logger:Log (UnityEngine.LogType,object)
UnityEngine.Debug:Log (object)
YooAsset.Editor.BuildLogger:Log (string) (at ./Packages/YooAsset/Editor/AssetBundleBuilder/BuildSystem/BuildLogger.cs:68)
YooAsset.Editor.BuildRunner:Run (System.Collections.Generic.List`1<YooAsset.Editor.IBuildTask>,YooAsset.Editor.BuildContext) (at ./Packages/YooAsset/Editor/AssetBundleBuilder/BuildSystem/BuildRunner.cs:40)
YooAsset.Editor.AssetBundleBuilder:Run (YooAsset.Editor.BuildParameters,System.Collections.Generic.List`1<YooAsset.Editor.IBuildTask>,bool) (at ./Packages/YooAsset/Editor/AssetBundleBuilder/AssetBundleBuilder.cs:41)
YooAsset.Editor.ScriptableBuildPipeline:Run (YooAsset.Editor.BuildParameters,bool) (at ./Packages/YooAsset/Editor/AssetBundleBuilder/BuildPipeline/ScriptableBuildPipeline/ScriptableBuildPipeline.cs:14)
TEngine.ReleaseTools:BuildInternalWithConfig (TEngine.BuildConfig) (at Assets/TEngine/Editor/ReleaseTools/ReleaseTools.cs:212)
TEngine.ReleaseTools:BuildWithConfig (TEngine.BuildConfig,bool) (at Assets/TEngine/Editor/ReleaseTools/ReleaseTools.cs:132)
TEngine.ReleaseTools:AutomationBuildAndroid () (at Assets/TEngine/Editor/ReleaseTools/ReleaseTools.cs:97)

(Filename: ./Packages/YooAsset/Editor/AssetBundleBuilder/BuildSystem/BuildRunner.cs Line: 40)

Create pipeline output directory: /Users/ray/projects/TEngine/UnityProject/Assets/../Bundles/Android/DefaultPackage/OutputCache
UnityEngine.Debug:ExtractStackTraceNoAlloc (byte*,int,string)
UnityEngine.StackTraceUtility:ExtractStackTrace () (at /Users/bokken/build/output/unity/unity/Runtime/Export/Scripting/StackTrace.cs:35)
UnityEngine.DebugLogHandler:Internal_Log (UnityEngine.LogType,UnityEngine.LogOption,string,UnityEngine.Object)
UnityEngine.DebugLogHandler:LogFormat (UnityEngine.LogType,UnityEngine.Object,string,object[])
UnityEngine.Logger:Log (UnityEngine.LogType,object)
UnityEngine.Debug:Log (object)
YooAsset.Editor.BuildLogger:Log (string) (at ./Packages/YooAsset/Editor/AssetBundleBuilder/BuildSystem/BuildLogger.cs:68)
YooAsset.Editor.TaskPrepare_SBP:YooAsset.Editor.IBuildTask.Run (YooAsset.Editor.BuildContext) (at ./Packages/YooAsset/Editor/AssetBundleBuilder/BuildPipeline/ScriptableBuildPipeline/BuildTasks/TaskPrepare_SBP.cs:51)
YooAsset.Editor.BuildRunner:Run (System.Collections.Generic.List`1<YooAsset.Editor.IBuildTask>,YooAsset.Editor.BuildContext) (at ./Packages/YooAsset/Editor/AssetBundleBuilder/BuildSystem/BuildRunner.cs:41)
YooAsset.Editor.AssetBundleBuilder:Run (YooAsset.Editor.BuildParameters,System.Collections.Generic.List`1<YooAsset.Editor.IBuildTask>,bool) (at ./Packages/YooAsset/Editor/AssetBundleBuilder/AssetBundleBuilder.cs:41)
YooAsset.Editor.ScriptableBuildPipeline:Run (YooAsset.Editor.BuildParameters,bool) (at ./Packages/YooAsset/Editor/AssetBundleBuilder/BuildPipeline/ScriptableBuildPipeline/ScriptableBuildPipeline.cs:14)
TEngine.ReleaseTools:BuildInternalWithConfig (TEngine.BuildConfig) (at Assets/TEngine/Editor/ReleaseTools/ReleaseTools.cs:212)
TEngine.ReleaseTools:BuildWithConfig (TEngine.BuildConfig,bool) (at Assets/TEngine/Editor/ReleaseTools/ReleaseTools.cs:132)
TEngine.ReleaseTools:AutomationBuildAndroid () (at Assets/TEngine/Editor/ReleaseTools/ReleaseTools.cs:97)

(Filename: ./Packages/YooAsset/Editor/AssetBundleBuilder/BuildPipeline/ScriptableBuildPipeline/BuildTasks/TaskPrepare_SBP.cs Line: 51)

TaskPrepare It takes 0 seconds in total
UnityEngine.Debug:ExtractStackTraceNoAlloc (byte*,int,string)
UnityEngine.StackTraceUtility:ExtractStackTrace () (at /Users/bokken/build/output/unity/unity/Runtime/Export/Scripting/StackTrace.cs:35)
UnityEngine.DebugLogHandler:Internal_Log (UnityEngine.LogType,UnityEngine.LogOption,string,UnityEngine.Object)
UnityEngine.DebugLogHandler:LogFormat (UnityEngine.LogType,UnityEngine.Object,string,object[])
UnityEngine.Logger:Log (UnityEngine.LogType,object)
UnityEngine.Debug:Log (object)
YooAsset.Editor.BuildLogger:Log (string) (at ./Packages/YooAsset/Editor/AssetBundleBuilder/BuildSystem/BuildLogger.cs:68)
YooAsset.Editor.BuildRunner:Run (System.Collections.Generic.List`1<YooAsset.Editor.IBuildTask>,YooAsset.Editor.BuildContext) (at ./Packages/YooAsset/Editor/AssetBundleBuilder/BuildSystem/BuildRunner.cs:47)
YooAsset.Editor.AssetBundleBuilder:Run (YooAsset.Editor.BuildParameters,System.Collections.Generic.List`1<YooAsset.Editor.IBuildTask>,bool) (at ./Packages/YooAsset/Editor/AssetBundleBuilder/AssetBundleBuilder.cs:41)
YooAsset.Editor.ScriptableBuildPipeline:Run (YooAsset.Editor.BuildParameters,bool) (at ./Packages/YooAsset/Editor/AssetBundleBuilder/BuildPipeline/ScriptableBuildPipeline/ScriptableBuildPipeline.cs:14)
TEngine.ReleaseTools:BuildInternalWithConfig (TEngine.BuildConfig) (at Assets/TEngine/Editor/ReleaseTools/ReleaseTools.cs:212)
TEngine.ReleaseTools:BuildWithConfig (TEngine.BuildConfig,bool) (at Assets/TEngine/Editor/ReleaseTools/ReleaseTools.cs:132)
TEngine.ReleaseTools:AutomationBuildAndroid () (at Assets/TEngine/Editor/ReleaseTools/ReleaseTools.cs:97)

(Filename: ./Packages/YooAsset/Editor/AssetBundleBuilder/BuildSystem/BuildRunner.cs Line: 47)

--------------------------------------------->TaskGetBuildMap<--------------------------------------------
UnityEngine.Debug:ExtractStackTraceNoAlloc (byte*,int,string)
UnityEngine.StackTraceUtility:ExtractStackTrace () (at /Users/bokken/build/output/unity/unity/Runtime/Export/Scripting/StackTrace.cs:35)
UnityEngine.DebugLogHandler:Internal_Log (UnityEngine.LogType,UnityEngine.LogOption,string,UnityEngine.Object)
UnityEngine.DebugLogHandler:LogFormat (UnityEngine.LogType,UnityEngine.Object,string,object[])
UnityEngine.Logger:Log (UnityEngine.LogType,object)
UnityEngine.Debug:Log (object)
YooAsset.Editor.BuildLogger:Log (string) (at ./Packages/YooAsset/Editor/AssetBundleBuilder/BuildSystem/BuildLogger.cs:68)
YooAsset.Editor.BuildRunner:Run (System.Collections.Generic.List`1<YooAsset.Editor.IBuildTask>,YooAsset.Editor.BuildContext) (at ./Packages/YooAsset/Editor/AssetBundleBuilder/BuildSystem/BuildRunner.cs:40)
YooAsset.Editor.AssetBundleBuilder:Run (YooAsset.Editor.BuildParameters,System.Collections.Generic.List`1<YooAsset.Editor.IBuildTask>,bool) (at ./Packages/YooAsset/Editor/AssetBundleBuilder/AssetBundleBuilder.cs:41)
YooAsset.Editor.ScriptableBuildPipeline:Run (YooAsset.Editor.BuildParameters,bool) (at ./Packages/YooAsset/Editor/AssetBundleBuilder/BuildPipeline/ScriptableBuildPipeline/ScriptableBuildPipeline.cs:14)
TEngine.ReleaseTools:BuildInternalWithConfig (TEngine.BuildConfig) (at Assets/TEngine/Editor/ReleaseTools/ReleaseTools.cs:212)
TEngine.ReleaseTools:BuildWithConfig (TEngine.BuildConfig,bool) (at Assets/TEngine/Editor/ReleaseTools/ReleaseTools.cs:132)
TEngine.ReleaseTools:AutomationBuildAndroid () (at Assets/TEngine/Editor/ReleaseTools/ReleaseTools.cs:97)

(Filename: ./Packages/YooAsset/Editor/AssetBundleBuilder/BuildSystem/BuildRunner.cs Line: 40)

Use asset dependency database !
UnityEngine.Debug:ExtractStackTraceNoAlloc (byte*,int,string)
UnityEngine.StackTraceUtility:ExtractStackTrace () (at /Users/bokken/build/output/unity/unity/Runtime/Export/Scripting/StackTrace.cs:35)
UnityEngine.DebugLogHandler:Internal_Log (UnityEngine.LogType,UnityEngine.LogOption,string,UnityEngine.Object)
UnityEngine.DebugLogHandler:LogFormat (UnityEngine.LogType,UnityEngine.Object,string,object[])
UnityEngine.Logger:Log (UnityEngine.LogType,object)
UnityEngine.Debug:Log (object)
YooAsset.Editor.AssetDependencyCache:.ctor (bool) (at ./Packages/YooAsset/Editor/AssetBundleCollector/AssetDependencyCache.cs:21)
YooAsset.Editor.CollectCommand:get_AssetDependency () (at ./Packages/YooAsset/Editor/AssetBundleCollector/CollectCommand.cs:96)
YooAsset.Editor.AssetBundleCollector:GetAllDependencies (YooAsset.Editor.CollectCommand,string) (at ./Packages/YooAsset/Editor/AssetBundleCollector/AssetBundleCollector.cs:285)
YooAsset.Editor.AssetBundleCollector:CreateCollectAssetInfo (YooAsset.Editor.CollectCommand,YooAsset.Editor.AssetBundleCollectorGroup,YooAsset.Editor.AssetInfo) (at ./Packages/YooAsset/Editor/AssetBundleCollector/AssetBundleCollector.cs:230)
YooAsset.Editor.AssetBundleCollector:GetAllCollectAssets (YooAsset.Editor.CollectCommand,YooAsset.Editor.AssetBundleCollectorGroup) (at ./Packages/YooAsset/Editor/AssetBundleCollector/AssetBundleCollector.cs:182)
YooAsset.Editor.AssetBundleCollectorGroup:GetAllCollectAssets (YooAsset.Editor.CollectCommand) (at ./Packages/YooAsset/Editor/AssetBundleCollector/AssetBundleCollectorGroup.cs:91)
YooAsset.Editor.AssetBundleCollectorPackage:GetCollectAssets (YooAsset.Editor.CollectCommand) (at ./Packages/YooAsset/Editor/AssetBundleCollector/AssetBundleCollectorPackage.cs:115)
YooAsset.Editor.AssetBundleCollectorSetting:BeginCollect (string,bool,bool) (at ./Packages/YooAsset/Editor/AssetBundleCollector/AssetBundleCollectorSetting.cs:120)
YooAsset.Editor.TaskGetBuildMap:CreateBuildMap (bool,YooAsset.Editor.BuildParameters) (at ./Packages/YooAsset/Editor/AssetBundleBuilder/BuildPipeline/BaseTasks/TaskGetBuildMap.cs:24)
YooAsset.Editor.TaskGetBuildMap_SBP:YooAsset.Editor.IBuildTask.Run (YooAsset.Editor.BuildContext) (at ./Packages/YooAsset/Editor/AssetBundleBuilder/BuildPipeline/ScriptableBuildPipeline/BuildTasks/TaskGetBuildMap_SBP.cs:15)
YooAsset.Editor.BuildRunner:Run (System.Collections.Generic.List`1<YooAsset.Editor.IBuildTask>,YooAsset.Editor.BuildContext) (at ./Packages/YooAsset/Editor/AssetBundleBuilder/BuildSystem/BuildRunner.cs:41)
YooAsset.Editor.AssetBundleBuilder:Run (YooAsset.Editor.BuildParameters,System.Collections.Generic.List`1<YooAsset.Editor.IBuildTask>,bool) (at ./Packages/YooAsset/Editor/AssetBundleBuilder/AssetBundleBuilder.cs:41)
YooAsset.Editor.ScriptableBuildPipeline:Run (YooAsset.Editor.BuildParameters,bool) (at ./Packages/YooAsset/Editor/AssetBundleBuilder/BuildPipeline/ScriptableBuildPipeline/ScriptableBuildPipeline.cs:14)
TEngine.ReleaseTools:BuildInternalWithConfig (TEngine.BuildConfig) (at Assets/TEngine/Editor/ReleaseTools/ReleaseTools.cs:212)
TEngine.ReleaseTools:BuildWithConfig (TEngine.BuildConfig,bool) (at Assets/TEngine/Editor/ReleaseTools/ReleaseTools.cs:132)
TEngine.ReleaseTools:AutomationBuildAndroid () (at Assets/TEngine/Editor/ReleaseTools/ReleaseTools.cs:97)

(Filename: ./Packages/YooAsset/Editor/AssetBundleCollector/AssetDependencyCache.cs Line: 21)

TaskGetBuildMap It takes 0 seconds in total
UnityEngine.Debug:ExtractStackTraceNoAlloc (byte*,int,string)
UnityEngine.StackTraceUtility:ExtractStackTrace () (at /Users/bokken/build/output/unity/unity/Runtime/Export/Scripting/StackTrace.cs:35)
UnityEngine.DebugLogHandler:Internal_Log (UnityEngine.LogType,UnityEngine.LogOption,string,UnityEngine.Object)
UnityEngine.DebugLogHandler:LogFormat (UnityEngine.LogType,UnityEngine.Object,string,object[])
UnityEngine.Logger:Log (UnityEngine.LogType,object)
UnityEngine.Debug:Log (object)
YooAsset.Editor.BuildLogger:Log (string) (at ./Packages/YooAsset/Editor/AssetBundleBuilder/BuildSystem/BuildLogger.cs:68)
YooAsset.Editor.BuildRunner:Run (System.Collections.Generic.List`1<YooAsset.Editor.IBuildTask>,YooAsset.Editor.BuildContext) (at ./Packages/YooAsset/Editor/AssetBundleBuilder/BuildSystem/BuildRunner.cs:47)
YooAsset.Editor.AssetBundleBuilder:Run (YooAsset.Editor.BuildParameters,System.Collections.Generic.List`1<YooAsset.Editor.IBuildTask>,bool) (at ./Packages/YooAsset/Editor/AssetBundleBuilder/AssetBundleBuilder.cs:41)
YooAsset.Editor.ScriptableBuildPipeline:Run (YooAsset.Editor.BuildParameters,bool) (at ./Packages/YooAsset/Editor/AssetBundleBuilder/BuildPipeline/ScriptableBuildPipeline/ScriptableBuildPipeline.cs:14)
TEngine.ReleaseTools:BuildInternalWithConfig (TEngine.BuildConfig) (at Assets/TEngine/Editor/ReleaseTools/ReleaseTools.cs:212)
TEngine.ReleaseTools:BuildWithConfig (TEngine.BuildConfig,bool) (at Assets/TEngine/Editor/ReleaseTools/ReleaseTools.cs:132)
TEngine.ReleaseTools:AutomationBuildAndroid () (at Assets/TEngine/Editor/ReleaseTools/ReleaseTools.cs:97)

(Filename: ./Packages/YooAsset/Editor/AssetBundleBuilder/BuildSystem/BuildRunner.cs Line: 47)

--------------------------------------------->TaskBuilding<--------------------------------------------
UnityEngine.Debug:ExtractStackTraceNoAlloc (byte*,int,string)
UnityEngine.StackTraceUtility:ExtractStackTrace () (at /Users/bokken/build/output/unity/unity/Runtime/Export/Scripting/StackTrace.cs:35)
UnityEngine.DebugLogHandler:Internal_Log (UnityEngine.LogType,UnityEngine.LogOption,string,UnityEngine.Object)
UnityEngine.DebugLogHandler:LogFormat (UnityEngine.LogType,UnityEngine.Object,string,object[])
UnityEngine.Logger:Log (UnityEngine.LogType,object)
UnityEngine.Debug:Log (object)
YooAsset.Editor.BuildLogger:Log (string) (at ./Packages/YooAsset/Editor/AssetBundleBuilder/BuildSystem/BuildLogger.cs:68)
YooAsset.Editor.BuildRunner:Run (System.Collections.Generic.List`1<YooAsset.Editor.IBuildTask>,YooAsset.Editor.BuildContext) (at ./Packages/YooAsset/Editor/AssetBundleBuilder/BuildSystem/BuildRunner.cs:40)
YooAsset.Editor.AssetBundleBuilder:Run (YooAsset.Editor.BuildParameters,System.Collections.Generic.List`1<YooAsset.Editor.IBuildTask>,bool) (at ./Packages/YooAsset/Editor/AssetBundleBuilder/AssetBundleBuilder.cs:41)
YooAsset.Editor.ScriptableBuildPipeline:Run (YooAsset.Editor.BuildParameters,bool) (at ./Packages/YooAsset/Editor/AssetBundleBuilder/BuildPipeline/ScriptableBuildPipeline/ScriptableBuildPipeline.cs:14)
TEngine.ReleaseTools:BuildInternalWithConfig (TEngine.BuildConfig) (at Assets/TEngine/Editor/ReleaseTools/ReleaseTools.cs:212)
TEngine.ReleaseTools:BuildWithConfig (TEngine.BuildConfig,bool) (at Assets/TEngine/Editor/ReleaseTools/ReleaseTools.cs:132)
TEngine.ReleaseTools:AutomationBuildAndroid () (at Assets/TEngine/Editor/ReleaseTools/ReleaseTools.cs:97)

(Filename: ./Packages/YooAsset/Editor/AssetBundleBuilder/BuildSystem/BuildRunner.cs Line: 40)

DisplayProgressbar: Switch To Build Platform
DisplayProgressbar: Rebuild Sprite Atlas Cache
Asset Pipeline Refresh (id=0ab0912e89e2b4e0d9a4457b50802fcf): Total: 0.041 seconds - Initiated by RefreshV2(NoUpdateAssetOptions)
SpriteAtlasPacking completed in 0.042355 sec
DisplayProgressbar: Build Player Scripts
[ScriptCompilation] Requested script compilation because: Recompiling all scripts before compiling player scripts because Auto Refresh is disabled.
Duplicate assembly 'System.Runtime.CompilerServices.Unsafe.dll' with different versions detected, using 'Assets/TEngine/Libraries/System.Runtime.CompilerServices.Unsafe.dll, AssemblyName=System.Runtime.CompilerServices.Unsafe, Version=6.0.0.0, Culture=neutral, PublicKeyToken=b03f5f7f11d50a3a' and ignoring 'Packages/com.gameworkstore.googleprotobufunity/Dependencies/System.Runtime.CompilerServices.Unsafe.dll, AssemblyName=System.Runtime.CompilerServices.Unsafe, Version=4.0.4.1, Culture=neutral, PublicKeyToken=b03f5f7f11d50a3a'.Duplicate assembly 'System.Runtime.CompilerServices.Unsafe.dll' with different versions detected, using 'Assets/TEngine/Libraries/System.Runtime.CompilerServices.Unsafe.dll, AssemblyName=System.Runtime.CompilerServices.Unsafe, Version=6.0.0.0, Culture=neutral, PublicKeyToken=b03f5f7f11d50a3a' and ignoring 'Packages/com.unity.pipeline/Runtime/Plugins/CodeAnalysis/System.Runtime.CompilerServices.Unsafe.dll, AssemblyName=System.Runtime.CompilerServices.Unsafe, Version=4.0.4.0, Culture=neutral, PublicKeyToken=b03f5f7f11d50a3a'.[40m[32minfo[39m[22m[49m: Microsoft.AspNetCore.Hosting.Diagnostics[1]
      Request starting HTTP/2 POST http://ilpp/UnityILPP.PostProcessing/Ping application/grpc -
[40m[32minfo[39m[22m[49m: Microsoft.AspNetCore.Routing.EndpointMiddleware[0]
      Executing endpoint 'gRPC - /UnityILPP.PostProcessing/Ping'
[40m[32minfo[39m[22m[49m: Microsoft.AspNetCore.Routing.EndpointMiddleware[1]
      Executed endpoint 'gRPC - /UnityILPP.PostProcessing/Ping'
[40m[32minfo[39m[22m[49m: Microsoft.AspNetCore.Hosting.Diagnostics[2]
      Request finished HTTP/2 POST http://ilpp/UnityILPP.PostProcessing/Ping application/grpc - - 200 - application/grpc 0.1445ms
Starting: /Applications/Unity/Hub/Editor/6000.3.20f1/Unity.app/Contents/Resources/BuildPipeline/bee_backend --ipc --defer-dag-verification --dagfile="Library/Bee/1300b0aEDbg.dag" --continue-on-failure --profile="Library/Bee/backend1.traceevents" ScriptAssemblies
WorkingDir: /Users/ray/projects/TEngine/UnityProject
DisplayProgressbar: Compiling Scripts
[40m[32minfo[39m[22m[49m: Microsoft.AspNetCore.Hosting.Diagnostics[1]
      Request starting HTTP/2 POST http://ilpp/UnityILPP.PostProcessing/ConfigurePostProcessors application/grpc -
[40m[32minfo[39m[22m[49m: Microsoft.AspNetCore.Routing.EndpointMiddleware[0]
      Executing endpoint 'gRPC - /UnityILPP.PostProcessing/ConfigurePostProcessors'
[40m[32minfo[39m[22m[49m: Unity.ILPP.Runner.PostProcessingAssemblyLoadContext[0]
      Current configuration matches the requested one, skipping
[40m[32minfo[39m[22m[49m: Microsoft.AspNetCore.Routing.EndpointMiddleware[1]
      Executed endpoint 'gRPC - /UnityILPP.PostProcessing/ConfigurePostProcessors'
[40m[32minfo[39m[22m[49m: Microsoft.AspNetCore.Hosting.Diagnostics[2]
      Request finished HTTP/2 POST http://ilpp/UnityILPP.PostProcessing/ConfigurePostProcessors application/grpc - - 200 - application/grpc 0.2783ms
Total cache size 238513054
Total cache size after purge 238513054, took 00:00:00.0119084
ExitCode: 0 Duration: 0s249ms
[743/990    0s] ILPP-Configuration Library/ilpp-configuration.nevergeneratedoutput
*** Tundra build success (0.13 seconds), 1 items updated, 990 evaluated
[ScriptCompilation] Requested script compilation because: Compiling scripts for player
Duplicate assembly 'System.Runtime.CompilerServices.Unsafe.dll' with different versions detected, using 'Assets/TEngine/Libraries/System.Runtime.CompilerServices.Unsafe.dll, AssemblyName=System.Runtime.CompilerServices.Unsafe, Version=6.0.0.0, Culture=neutral, PublicKeyToken=b03f5f7f11d50a3a' and ignoring 'Packages/com.gameworkstore.googleprotobufunity/Dependencies/System.Runtime.CompilerServices.Unsafe.dll, AssemblyName=System.Runtime.CompilerServices.Unsafe, Version=4.0.4.1, Culture=neutral, PublicKeyToken=b03f5f7f11d50a3a'.Duplicate assembly 'System.Runtime.CompilerServices.Unsafe.dll' with different versions detected, using 'Assets/TEngine/Libraries/System.Runtime.CompilerServices.Unsafe.dll, AssemblyName=System.Runtime.CompilerServices.Unsafe, Version=6.0.0.0, Culture=neutral, PublicKeyToken=b03f5f7f11d50a3a' and ignoring 'Packages/com.unity.pipeline/Runtime/Plugins/CodeAnalysis/System.Runtime.CompilerServices.Unsafe.dll, AssemblyName=System.Runtime.CompilerServices.Unsafe, Version=4.0.4.0, Culture=neutral, PublicKeyToken=b03f5f7f11d50a3a'.[40m[32minfo[39m[22m[49m: Microsoft.AspNetCore.Hosting.Diagnostics[1]
      Request starting HTTP/2 POST http://ilpp/UnityILPP.PostProcessing/Ping application/grpc -
[40m[32minfo[39m[22m[49m: Microsoft.AspNetCore.Routing.EndpointMiddleware[0]
      Executing endpoint 'gRPC - /UnityILPP.PostProcessing/Ping'
[40m[32minfo[39m[22m[49m: Microsoft.AspNetCore.Routing.EndpointMiddleware[1]
      Executed endpoint 'gRPC - /UnityILPP.PostProcessing/Ping'
[40m[32minfo[39m[22m[49m: Microsoft.AspNetCore.Hosting.Diagnostics[2]
      Request finished HTTP/2 POST http://ilpp/UnityILPP.PostProcessing/Ping application/grpc - - 200 - application/grpc 0.1447ms
Starting: /Applications/Unity/Hub/Editor/6000.3.20f1/Unity.app/Contents/Resources/BuildPipeline/bee_backend --ipc --defer-dag-verification --dagfile="Library/Bee/1300b0aP.dag" --continue-on-failure --profile="Library/Bee/backend1.traceevents" ScriptAssembliesAndTypeDB
WorkingDir: /Users/ray/projects/TEngine/UnityProject
Duplicate assembly 'System.Runtime.CompilerServices.Unsafe.dll' with different versions detected, using 'Assets/TEngine/Libraries/System.Runtime.CompilerServices.Unsafe.dll, AssemblyName=System.Runtime.CompilerServices.Unsafe, Version=6.0.0.0, Culture=neutral, PublicKeyToken=b03f5f7f11d50a3a' and ignoring 'Packages/com.gameworkstore.googleprotobufunity/Dependencies/System.Runtime.CompilerServices.Unsafe.dll, AssemblyName=System.Runtime.CompilerServices.Unsafe, Version=4.0.4.1, Culture=neutral, PublicKeyToken=b03f5f7f11d50a3a'.Duplicate assembly 'System.Runtime.CompilerServices.Unsafe.dll' with different versions detected, using 'Assets/TEngine/Libraries/System.Runtime.CompilerServices.Unsafe.dll, AssemblyName=System.Runtime.CompilerServices.Unsafe, Version=6.0.0.0, Culture=neutral, PublicKeyToken=b03f5f7f11d50a3a' and ignoring 'Packages/com.unity.pipeline/Runtime/Plugins/CodeAnalysis/System.Runtime.CompilerServices.Unsafe.dll, AssemblyName=System.Runtime.CompilerServices.Unsafe, Version=4.0.4.0, Culture=neutral, PublicKeyToken=b03f5f7f11d50a3a'.Duplicate assembly 'System.Runtime.CompilerServices.Unsafe.dll' with different versions detected, using 'Assets/TEngine/Libraries/System.Runtime.CompilerServices.Unsafe.dll, AssemblyName=System.Runtime.CompilerServices.Unsafe, Version=6.0.0.0, Culture=neutral, PublicKeyToken=b03f5f7f11d50a3a' and ignoring 'Packages/com.gameworkstore.googleprotobufunity/Dependencies/System.Runtime.CompilerServices.Unsafe.dll, AssemblyName=System.Runtime.CompilerServices.Unsafe, Version=4.0.4.1, Culture=neutral, PublicKeyToken=b03f5f7f11d50a3a'.Duplicate assembly 'System.Runtime.CompilerServices.Unsafe.dll' with different versions detected, using 'Assets/TEngine/Libraries/System.Runtime.CompilerServices.Unsafe.dll, AssemblyName=System.Runtime.CompilerServices.Unsafe, Version=6.0.0.0, Culture=neutral, PublicKeyToken=b03f5f7f11d50a3a' and ignoring 'Packages/com.unity.pipeline/Runtime/Plugins/CodeAnalysis/System.Runtime.CompilerServices.Unsafe.dll, AssemblyName=System.Runtime.CompilerServices.Unsafe, Version=4.0.4.0, Culture=neutral, PublicKeyToken=b03f5f7f11d50a3a'.Duplicate assembly 'System.Runtime.CompilerServices.Unsafe.dll' with different versions detected, using 'Assets/TEngine/Libraries/System.Runtime.CompilerServices.Unsafe.dll, AssemblyName=System.Runtime.CompilerServices.Unsafe, Version=6.0.0.0, Culture=neutral, PublicKeyToken=b03f5f7f11d50a3a' and ignoring 'Packages/com.gameworkstore.googleprotobufunity/Dependencies/System.Runtime.CompilerServices.Unsafe.dll, AssemblyName=System.Runtime.CompilerServices.Unsafe, Version=4.0.4.1, Culture=neutral, PublicKeyToken=b03f5f7f11d50a3a'.Duplicate assembly 'System.Runtime.CompilerServices.Unsafe.dll' with different versions detected, using 'Assets/TEngine/Libraries/System.Runtime.CompilerServices.Unsafe.dll, AssemblyName=System.Runtime.CompilerServices.Unsafe, Version=6.0.0.0, Culture=neutral, PublicKeyToken=b03f5f7f11d50a3a' and ignoring 'Packages/com.unity.pipeline/Runtime/Plugins/CodeAnalysis/System.Runtime.CompilerServices.Unsafe.dll, AssemblyName=System.Runtime.CompilerServices.Unsafe, Version=4.0.4.0, Culture=neutral, PublicKeyToken=b03f5f7f11d50a3a'.[40m[32minfo[39m[22m[49m: Microsoft.AspNetCore.Hosting.Diagnostics[1]
      Request starting HTTP/2 POST http://ilpp/UnityILPP.PostProcessing/ConfigurePostProcessors application/grpc -
[40m[32minfo[39m[22m[49m: Microsoft.AspNetCore.Routing.EndpointMiddleware[0]
      Executing endpoint 'gRPC - /UnityILPP.PostProcessing/ConfigurePostProcessors'
[40m[32minfo[39m[22m[49m: Unity.ILPP.Runner.PostProcessingAssemblyLoadContext[0]
      ALC ILPP context 3 is unloading
[40m[1m[33mwarn[39m[22m[49m: Unity.ILPP.Runner.PostProcessingAssemblyLoadContext[0]
      Assembly unityeditor.ios.extensions.xcode has duplicate hint path. Ignoring "/Applications/Unity/Hub/Editor/6000.3.20f1/Unity.app/Contents/PlaybackEngines/MacStandaloneSupport/UnityEditor.iOS.Extensions.Xcode.dll" in favor of "/Applications/Unity/Hub/Editor/6000.3.20f1/PlaybackEngines/iOSSupport/UnityEditor.iOS.Extensions.Xcode.dll"
[40m[32minfo[39m[22m[49m: Unity.ILPP.Runner.PostProcessingAssemblyLoadContext[0]
      Resolved Mono.Cecil, Version=0.11.5.0, Culture=neutral, PublicKeyToken=50cebf1cceb9d05e with Library/PackageCache/com.unity.nuget.mono-cecil@ecb9724e46ff/Mono.Cecil.dll
[40m[32minfo[39m[22m[49m: Microsoft.AspNetCore.Routing.EndpointMiddleware[1]
      Executed endpoint 'gRPC - /UnityILPP.PostProcessing/ConfigurePostProcessors'
[40m[32minfo[39m[22m[49m: Microsoft.AspNetCore.Hosting.Diagnostics[2]
      Request finished HTTP/2 POST http://ilpp/UnityILPP.PostProcessing/ConfigurePostProcessors application/grpc - - 200 - application/grpc 1.2910ms
Starting: /Applications/Unity/Hub/Editor/6000.3.20f1/Unity.app/Contents/Resources/Scripting/netcorerun/netcorerun "/Applications/Unity/Hub/Editor/6000.3.20f1/Unity.app/Contents/Resources/BuildPipeline/ScriptCompilationBuildProgram.exe" "Library/Bee/1300b0aP.dag.json" "Library/Bee/1300b0aP-inputdata.json" "Library/Bee/buildprogram0.traceevents"
WorkingDir: /Users/ray/projects/TEngine/UnityProject
ExitCode: 4 Duration: 0s216ms
Rebuilding DAG because FileSignature timestamp changed: Library/Bee/1300b0aP-inputdata.json
[262/346    0s] ILPP-Configuration Library/ilpp-configuration.nevergeneratedoutput
*** Tundra requires additional run (0.10 seconds), 1 items updated, 261 evaluated
ExitCode: 0 Duration: 0s233ms
Starting: /Applications/Unity/Hub/Editor/6000.3.20f1/Unity.app/Contents/Resources/BuildPipeline/bee_backend --ipc --defer-dag-verification --dagfile="Library/Bee/1300b0aP.dag" --continue-on-failure --dagfilejson="Library/Bee/1300b0aP.dag.json" --profile="Library/Bee/backend2.traceevents" ScriptAssembliesAndTypeDB
WorkingDir: /Users/ray/projects/TEngine/UnityProject
[40m[32minfo[39m[22m[49m: Microsoft.AspNetCore.Hosting.Diagnostics[1]
      Request starting HTTP/2 POST http://ilpp/UnityILPP.PostProcessing/ConfigurePostProcessors application/grpc -
[40m[32minfo[39m[22m[49m: Microsoft.AspNetCore.Routing.EndpointMiddleware[0]
      Executing endpoint 'gRPC - /UnityILPP.PostProcessing/ConfigurePostProcessors'
[40m[32minfo[39m[22m[49m: Unity.ILPP.Runner.PostProcessingAssemblyLoadContext[0]
      Current configuration matches the requested one, skipping
[40m[32minfo[39m[22m[49m: Microsoft.AspNetCore.Routing.EndpointMiddleware[1]
      Executed endpoint 'gRPC - /UnityILPP.PostProcessing/ConfigurePostProcessors'
[40m[32minfo[39m[22m[49m: Microsoft.AspNetCore.Hosting.Diagnostics[2]
      Request finished HTTP/2 POST http://ilpp/UnityILPP.PostProcessing/ConfigurePostProcessors application/grpc - - 200 - application/grpc 2.0951ms
Total cache size 238513054
Total cache size after purge 238513054, took 00:00:00.0149465
ExitCode: 0 Duration: 0s688ms
Finished compiling graph: 347 nodes, 3683 flattened edges (3129 ToBuild, 56 ToUse), maximum node priority 223
[           0s] Delete 55 artifact files that are no longer in use. (like Library/Bee/PlayerScriptAssemblies)
[262/346    0s] ILPP-Configuration Library/ilpp-configuration.nevergeneratedoutput
[281/346    0s] CopyFiles Library/PlayerScriptAssemblies/Unity.Multiplayer.Center.Common.dll
[283/346    0s] CopyFiles Library/PlayerScriptAssemblies/HybridCLR.Runtime.dll
[285/346    0s] CopyFiles Library/PlayerScriptAssemblies/YooAsset.RuntimeExtension.dll
[286/346    0s] CopyFiles Library/PlayerScriptAssemblies/TEngine.Runtime.dll
[287/346    0s] CopyFiles Library/PlayerScriptAssemblies/YooAsset.dll
[288/346    0s] CopyFiles Library/PlayerScriptAssemblies/UniTask.Addressables.dll
[289/346    0s] CopyFiles Library/PlayerScriptAssemblies/Launcher.dll
[290/346    0s] CopyFiles Library/PlayerScriptAssemblies/Assembly-CSharp.dll
[291/346    0s] CopyFiles Library/PlayerScriptAssemblies/GameWorkstore.Google.Protobuf.dll
[292/346    0s] CopyFiles Library/PlayerScriptAssemblies/Assembly-CSharp-firstpass.dll
[293/346    0s] CopyFiles Library/PlayerScriptAssemblies/UniTask.dll
[294/346    0s] CopyFiles Library/PlayerScriptAssemblies/Unity.Pipeline.dll
[295/346    0s] CopyFiles Library/PlayerScriptAssemblies/Unity.AI.MCP.Runtime.dll
[296/346    0s] CopyFiles Library/PlayerScriptAssemblies/UniTask.DOTween.dll
[297/346    0s] CopyFiles Library/PlayerScriptAssemblies/UniTask.YooAsset.dll
[298/346    0s] CopyFiles Library/PlayerScriptAssemblies/Unity.TextMeshPro.dll
[300/346    0s] CopyFiles Library/PlayerScriptAssemblies/UniTask.Linq.dll
[301/346    0s] CopyFiles Library/PlayerScriptAssemblies/Unity.ScriptableBuildPipeline.dll
[302/346    0s] CopyFiles Library/PlayerScriptAssemblies/YooAsset.MiniGame.dll
[303/346    0s] CopyFiles Library/PlayerScriptAssemblies/UnityEngine.UI.dll
[304/346    0s] CopyFiles Library/PlayerScriptAssemblies/UniTask.TextMeshPro.dll
[305/346    0s] CopyFiles Library/PlayerScriptAssemblies/Unity.ScriptableBuildPipeline.pdb
[306/346    0s] CopyFiles Library/PlayerScriptAssemblies/TEngine.Runtime.pdb
[307/346    0s] CopyFiles Library/PlayerScriptAssemblies/UniTask.Addressables.pdb
[308/346    0s] CopyFiles Library/PlayerScriptAssemblies/Unity.Multiplayer.Center.Common.pdb
[309/346    0s] CopyFiles Library/PlayerScriptAssemblies/GameWorkstore.Google.Protobuf.pdb
[310/346    0s] CopyFiles Library/PlayerScriptAssemblies/Assembly-CSharp.pdb
[312/346    0s] CopyFiles Library/PlayerScriptAssemblies/Unity.AI.MCP.Runtime.pdb
[313/346    0s] CopyFiles Library/PlayerScriptAssemblies/UniTask.DOTween.pdb
[315/346    0s] CopyFiles Library/PlayerScriptAssemblies/Unity.TextMeshPro.pdb
[316/346    0s] CopyFiles Library/PlayerScriptAssemblies/UniTask.Linq.pdb
[317/346    0s] CopyFiles Library/PlayerScriptAssemblies/Unity.AI.Navigation.pdb
[318/346    0s] CopyFiles Library/PlayerScriptAssemblies/UnityEngine.UI.pdb
[319/346    0s] CopyFiles Library/PlayerScriptAssemblies/GameLogic.dll
[320/346    0s] CopyFiles Library/PlayerScriptAssemblies/GameLogic.pdb
[321/346    0s] CopyFiles Library/PlayerScriptAssemblies/Unity.AI.Navigation.dll
[322/346    0s] CopyFiles Library/PlayerScriptAssemblies/YooAsset.MiniGame.pdb
[323/346    0s] CopyFiles Library/PlayerScriptAssemblies/YooAsset.pdb
[324/346    0s] CopyFiles Library/PlayerScriptAssemblies/YooAsset.RuntimeExtension.pdb
[325/346    0s] CopyFiles Library/PlayerScriptAssemblies/UniTask.TextMeshPro.pdb
[328/346    0s] CopyFiles Library/PlayerScriptAssemblies/Launcher.pdb
[329/346    0s] CopyFiles Library/PlayerScriptAssemblies/Unity.Pipeline.pdb
[330/346    0s] CopyFiles Library/PlayerScriptAssemblies/UniTask.pdb
[331/346    0s] CopyFiles Library/PlayerScriptAssemblies/HybridCLR.Runtime.pdb
[332/346    0s] CopyFiles Library/PlayerScriptAssemblies/UniTask.YooAsset.pdb
[333/346    0s] CopyFiles Library/PlayerScriptAssemblies/Assembly-CSharp-firstpass.pdb
[334/346    0s] CopyFiles Library/PlayerScriptAssemblies/Unity.Mathematics.dll
[335/346    0s] CopyFiles Library/PlayerScriptAssemblies/Unity.InternalAPIEngineBridge.004.pdb
[336/346    0s] CopyFiles Library/PlayerScriptAssemblies/Unity.InternalAPIEngineBridge.004.dll
[338/346    0s] CopyFiles Library/PlayerScriptAssemblies/Unity.Mathematics.pdb
[340/346    0s] CopyFiles Library/PlayerScriptAssemblies/Unity.AI.Tracing.dll
[341/346    0s] CopyFiles Library/PlayerScriptAssemblies/GameProto.dll
[342/346    0s] CopyFiles Library/PlayerScriptAssemblies/Unity.AI.Tracing.pdb
[343/346    0s] CopyFiles Library/PlayerScriptAssemblies/GameProto.pdb
[345/346    0s] BuildPlayerDataGenerator Library/BuildPlayerData/Player/RuntimeInitializeOnLoads.json (+1 other)
*** Tundra build success (0.57 seconds), 56 items updated, 346 evaluated
[40m[32minfo[39m[22m[49m: Microsoft.AspNetCore.Hosting.Diagnostics[1]
      Request starting HTTP/2 POST http://ilpp/UnityILPP.PostProcessing/Ping application/grpc -
[40m[32minfo[39m[22m[49m: Microsoft.AspNetCore.Routing.EndpointMiddleware[0]
      Executing endpoint 'gRPC - /UnityILPP.PostProcessing/Ping'
[40m[32minfo[39m[22m[49m: Microsoft.AspNetCore.Routing.EndpointMiddleware[1]
      Executed endpoint 'gRPC - /UnityILPP.PostProcessing/Ping'
[40m[32minfo[39m[22m[49m: Microsoft.AspNetCore.Hosting.Diagnostics[2]
      Request finished HTTP/2 POST http://ilpp/UnityILPP.PostProcessing/Ping application/grpc - - 200 - application/grpc 0.1683ms
Starting: /Applications/Unity/Hub/Editor/6000.3.20f1/Unity.app/Contents/Resources/BuildPipeline/bee_backend --ipc --defer-dag-verification --dagfile="Library/Bee/1300b0aEDbg.dag" --continue-on-failure --profile="Library/Bee/backend1.traceevents" ScriptAssembliesAndTypeDB
WorkingDir: /Users/ray/projects/TEngine/UnityProject
[40m[32minfo[39m[22m[49m: Microsoft.AspNetCore.Hosting.Diagnostics[1]
      Request starting HTTP/2 POST http://ilpp/UnityILPP.PostProcessing/ConfigurePostProcessors application/grpc -
[40m[32minfo[39m[22m[49m: Microsoft.AspNetCore.Routing.EndpointMiddleware[0]
      Executing endpoint 'gRPC - /UnityILPP.PostProcessing/ConfigurePostProcessors'
[40m[32minfo[39m[22m[49m: Unity.ILPP.Runner.PostProcessingAssemblyLoadContext[0]
      ALC ILPP context 4 is unloading
[40m[1m[33mwarn[39m[22m[49m: Unity.ILPP.Runner.PostProcessingAssemblyLoadContext[0]
      Assembly unityeditor.ios.extensions.xcode has duplicate hint path. Ignoring "/Applications/Unity/Hub/Editor/6000.3.20f1/Unity.app/Contents/PlaybackEngines/MacStandaloneSupport/UnityEditor.iOS.Extensions.Xcode.dll" in favor of "/Applications/Unity/Hub/Editor/6000.3.20f1/PlaybackEngines/iOSSupport/UnityEditor.iOS.Extensions.Xcode.dll"
[40m[32minfo[39m[22m[49m: Unity.ILPP.Runner.PostProcessingAssemblyLoadContext[0]
      Resolved Mono.Cecil, Version=0.11.5.0, Culture=neutral, PublicKeyToken=50cebf1cceb9d05e with Library/PackageCache/com.unity.nuget.mono-cecil@ecb9724e46ff/Mono.Cecil.dll
[40m[32minfo[39m[22m[49m: Microsoft.AspNetCore.Routing.EndpointMiddleware[1]
      Executed endpoint 'gRPC - /UnityILPP.PostProcessing/ConfigurePostProcessors'
[40m[32minfo[39m[22m[49m: Microsoft.AspNetCore.Hosting.Diagnostics[2]
      Request finished HTTP/2 POST http://ilpp/UnityILPP.PostProcessing/ConfigurePostProcessors application/grpc - - 200 - application/grpc 1.4872ms
Total cache size 238513054
Total cache size after purge 238513054, took 00:00:00.0120775
ExitCode: 0 Duration: 0s249ms
[743/992    0s] ILPP-Configuration Library/ilpp-configuration.nevergeneratedoutput
*** Tundra build success (0.14 seconds), 1 items updated, 992 evaluated
DisplayProgressbar: Post Scripts Callback
DisplayProgressbar: Calculate Scene Dependency Data
DisplayProgressbar: Calculate Custom Dependency Data
DisplayProgressbar: Calculate Asset Dependency Data
DisplayProgressbar: Strip Unused Sprite Sources
DisplayProgressbar: Create Built In Shaders Bundle
DisplayProgressbar: Post Dependency Callback
DisplayProgressbar: Generate Bundle Packing
DisplayProgressbar: Update Bundle Object Layout
DisplayProgressbar: Generate Bundle Commands
DisplayProgressbar: Generate Sub Asset Path Maps
DisplayProgressbar: Generate Bundle Maps
DisplayProgressbar: Post Packing Callback
DisplayProgressbar: Write Serialized Files
DisplayProgressbar: Archive And Compress Bundles
DisplayProgressbar: Append Bundle Hash
DisplayProgressbar: Generate Link Xml
DisplayProgressbar: Post Writing Callback
Unloading 23 Unused Serialized files (Serialized files now loaded: 0)
Unloading 228 unused Assets / (Unknown). Loaded Objects now: 5325.
Memory consumption went from 171.6 MB to 173.6 MB.
Total: 11.400875 ms (FindLiveObjects: 0.081083 ms CreateObjectMapping: 0.036209 ms MarkObjects: 11.189958 ms  DeleteObjects: 0.093333 ms)

UnityEngine build success!
UnityEngine.Debug:ExtractStackTraceNoAlloc (byte*,int,string)
UnityEngine.StackTraceUtility:ExtractStackTrace () (at /Users/bokken/build/output/unity/unity/Runtime/Export/Scripting/StackTrace.cs:35)
UnityEngine.DebugLogHandler:Internal_Log (UnityEngine.LogType,UnityEngine.LogOption,string,UnityEngine.Object)
UnityEngine.DebugLogHandler:LogFormat (UnityEngine.LogType,UnityEngine.Object,string,object[])
UnityEngine.Logger:Log (UnityEngine.LogType,object)
UnityEngine.Debug:Log (object)
YooAsset.Editor.BuildLogger:Log (string) (at ./Packages/YooAsset/Editor/AssetBundleBuilder/BuildSystem/BuildLogger.cs:68)
YooAsset.Editor.TaskBuilding_SBP:YooAsset.Editor.IBuildTask.Run (YooAsset.Editor.BuildContext) (at ./Packages/YooAsset/Editor/AssetBundleBuilder/BuildPipeline/ScriptableBuildPipeline/BuildTasks/TaskBuilding_SBP.cs:56)
YooAsset.Editor.BuildRunner:Run (System.Collections.Generic.List`1<YooAsset.Editor.IBuildTask>,YooAsset.Editor.BuildContext) (at ./Packages/YooAsset/Editor/AssetBundleBuilder/BuildSystem/BuildRunner.cs:41)
YooAsset.Editor.AssetBundleBuilder:Run (YooAsset.Editor.BuildParameters,System.Collections.Generic.List`1<YooAsset.Editor.IBuildTask>,bool) (at ./Packages/YooAsset/Editor/AssetBundleBuilder/AssetBundleBuilder.cs:41)
YooAsset.Editor.ScriptableBuildPipeline:Run (YooAsset.Editor.BuildParameters,bool) (at ./Packages/YooAsset/Editor/AssetBundleBuilder/BuildPipeline/ScriptableBuildPipeline/ScriptableBuildPipeline.cs:14)
TEngine.ReleaseTools:BuildInternalWithConfig (TEngine.BuildConfig) (at Assets/TEngine/Editor/ReleaseTools/ReleaseTools.cs:212)
TEngine.ReleaseTools:BuildWithConfig (TEngine.BuildConfig,bool) (at Assets/TEngine/Editor/ReleaseTools/ReleaseTools.cs:132)
TEngine.ReleaseTools:AutomationBuildAndroid () (at Assets/TEngine/Editor/ReleaseTools/ReleaseTools.cs:97)

(Filename: ./Packages/YooAsset/Editor/AssetBundleBuilder/BuildPipeline/ScriptableBuildPipeline/BuildTasks/TaskBuilding_SBP.cs Line: 56)

TaskBuilding It takes 2 seconds in total
UnityEngine.Debug:ExtractStackTraceNoAlloc (byte*,int,string)
UnityEngine.StackTraceUtility:ExtractStackTrace () (at /Users/bokken/build/output/unity/unity/Runtime/Export/Scripting/StackTrace.cs:35)
UnityEngine.DebugLogHandler:Internal_Log (UnityEngine.LogType,UnityEngine.LogOption,string,UnityEngine.Object)
UnityEngine.DebugLogHandler:LogFormat (UnityEngine.LogType,UnityEngine.Object,string,object[])
UnityEngine.Logger:Log (UnityEngine.LogType,object)
UnityEngine.Debug:Log (object)
YooAsset.Editor.BuildLogger:Log (string) (at ./Packages/YooAsset/Editor/AssetBundleBuilder/BuildSystem/BuildLogger.cs:68)
YooAsset.Editor.BuildRunner:Run (System.Collections.Generic.List`1<YooAsset.Editor.IBuildTask>,YooAsset.Editor.BuildContext) (at ./Packages/YooAsset/Editor/AssetBundleBuilder/BuildSystem/BuildRunner.cs:47)
YooAsset.Editor.AssetBundleBuilder:Run (YooAsset.Editor.BuildParameters,System.Collections.Generic.List`1<YooAsset.Editor.IBuildTask>,bool) (at ./Packages/YooAsset/Editor/AssetBundleBuilder/AssetBundleBuilder.cs:41)
YooAsset.Editor.ScriptableBuildPipeline:Run (YooAsset.Editor.BuildParameters,bool) (at ./Packages/YooAsset/Editor/AssetBundleBuilder/BuildPipeline/ScriptableBuildPipeline/ScriptableBuildPipeline.cs:14)
TEngine.ReleaseTools:BuildInternalWithConfig (TEngine.BuildConfig) (at Assets/TEngine/Editor/ReleaseTools/ReleaseTools.cs:212)
TEngine.ReleaseTools:BuildWithConfig (TEngine.BuildConfig,bool) (at Assets/TEngine/Editor/ReleaseTools/ReleaseTools.cs:132)
TEngine.ReleaseTools:AutomationBuildAndroid () (at Assets/TEngine/Editor/ReleaseTools/ReleaseTools.cs:97)

(Filename: ./Packages/YooAsset/Editor/AssetBundleBuilder/BuildSystem/BuildRunner.cs Line: 47)

--------------------------------------------->TaskVerifyBuildResult<--------------------------------------------
UnityEngine.Debug:ExtractStackTraceNoAlloc (byte*,int,string)
UnityEngine.StackTraceUtility:ExtractStackTrace () (at /Users/bokken/build/output/unity/unity/Runtime/Export/Scripting/StackTrace.cs:35)
UnityEngine.DebugLogHandler:Internal_Log (UnityEngine.LogType,UnityEngine.LogOption,string,UnityEngine.Object)
UnityEngine.DebugLogHandler:LogFormat (UnityEngine.LogType,UnityEngine.Object,string,object[])
UnityEngine.Logger:Log (UnityEngine.LogType,object)
UnityEngine.Debug:Log (object)
YooAsset.Editor.BuildLogger:Log (string) (at ./Packages/YooAsset/Editor/AssetBundleBuilder/BuildSystem/BuildLogger.cs:68)
YooAsset.Editor.BuildRunner:Run (System.Collections.Generic.List`1<YooAsset.Editor.IBuildTask>,YooAsset.Editor.BuildContext) (at ./Packages/YooAsset/Editor/AssetBundleBuilder/BuildSystem/BuildRunner.cs:40)
YooAsset.Editor.AssetBundleBuilder:Run (YooAsset.Editor.BuildParameters,System.Collections.Generic.List`1<YooAsset.Editor.IBuildTask>,bool) (at ./Packages/YooAsset/Editor/AssetBundleBuilder/AssetBundleBuilder.cs:41)
YooAsset.Editor.ScriptableBuildPipeline:Run (YooAsset.Editor.BuildParameters,bool) (at ./Packages/YooAsset/Editor/AssetBundleBuilder/BuildPipeline/ScriptableBuildPipeline/ScriptableBuildPipeline.cs:14)
TEngine.ReleaseTools:BuildInternalWithConfig (TEngine.BuildConfig) (at Assets/TEngine/Editor/ReleaseTools/ReleaseTools.cs:212)
TEngine.ReleaseTools:BuildWithConfig (TEngine.BuildConfig,bool) (at Assets/TEngine/Editor/ReleaseTools/ReleaseTools.cs:132)
TEngine.ReleaseTools:AutomationBuildAndroid () (at Assets/TEngine/Editor/ReleaseTools/ReleaseTools.cs:97)

(Filename: ./Packages/YooAsset/Editor/AssetBundleBuilder/BuildSystem/BuildRunner.cs Line: 40)

Build results verify success!
UnityEngine.Debug:ExtractStackTraceNoAlloc (byte*,int,string)
UnityEngine.StackTraceUtility:ExtractStackTrace () (at /Users/bokken/build/output/unity/unity/Runtime/Export/Scripting/StackTrace.cs:35)
UnityEngine.DebugLogHandler:Internal_Log (UnityEngine.LogType,UnityEngine.LogOption,string,UnityEngine.Object)
UnityEngine.DebugLogHandler:LogFormat (UnityEngine.LogType,UnityEngine.Object,string,object[])
UnityEngine.Logger:Log (UnityEngine.LogType,object)
UnityEngine.Debug:Log (object)
YooAsset.Editor.BuildLogger:Log (string) (at ./Packages/YooAsset/Editor/AssetBundleBuilder/BuildSystem/BuildLogger.cs:68)
YooAsset.Editor.TaskVerifyBuildResult_SBP:VerifyingBuildingResult (YooAsset.Editor.BuildContext,UnityEditor.Build.Pipeline.Interfaces.IBundleBuildResults) (at ./Packages/YooAsset/Editor/AssetBundleBuilder/BuildPipeline/ScriptableBuildPipeline/BuildTasks/TaskVerifyBuildResult_SBP.cs:66)
YooAsset.Editor.TaskVerifyBuildResult_SBP:YooAsset.Editor.IBuildTask.Run (YooAsset.Editor.BuildContext) (at ./Packages/YooAsset/Editor/AssetBundleBuilder/BuildPipeline/ScriptableBuildPipeline/BuildTasks/TaskVerifyBuildResult_SBP.cs:23)
YooAsset.Editor.BuildRunner:Run (System.Collections.Generic.List`1<YooAsset.Editor.IBuildTask>,YooAsset.Editor.BuildContext) (at ./Packages/YooAsset/Editor/AssetBundleBuilder/BuildSystem/BuildRunner.cs:41)
YooAsset.Editor.AssetBundleBuilder:Run (YooAsset.Editor.BuildParameters,System.Collections.Generic.List`1<YooAsset.Editor.IBuildTask>,bool) (at ./Packages/YooAsset/Editor/AssetBundleBuilder/AssetBundleBuilder.cs:41)
YooAsset.Editor.ScriptableBuildPipeline:Run (YooAsset.Editor.BuildParameters,bool) (at ./Packages/YooAsset/Editor/AssetBundleBuilder/BuildPipeline/ScriptableBuildPipeline/ScriptableBuildPipeline.cs:14)
TEngine.ReleaseTools:BuildInternalWithConfig (TEngine.BuildConfig) (at Assets/TEngine/Editor/ReleaseTools/ReleaseTools.cs:212)
TEngine.ReleaseTools:BuildWithConfig (TEngine.BuildConfig,bool) (at Assets/TEngine/Editor/ReleaseTools/ReleaseTools.cs:132)
TEngine.ReleaseTools:AutomationBuildAndroid () (at Assets/TEngine/Editor/ReleaseTools/ReleaseTools.cs:97)

(Filename: ./Packages/YooAsset/Editor/AssetBundleBuilder/BuildPipeline/ScriptableBuildPipeline/BuildTasks/TaskVerifyBuildResult_SBP.cs Line: 66)

TaskVerifyBuildResult It takes 0 seconds in total
UnityEngine.Debug:ExtractStackTraceNoAlloc (byte*,int,string)
UnityEngine.StackTraceUtility:ExtractStackTrace () (at /Users/bokken/build/output/unity/unity/Runtime/Export/Scripting/StackTrace.cs:35)
UnityEngine.DebugLogHandler:Internal_Log (UnityEngine.LogType,UnityEngine.LogOption,string,UnityEngine.Object)
UnityEngine.DebugLogHandler:LogFormat (UnityEngine.LogType,UnityEngine.Object,string,object[])
UnityEngine.Logger:Log (UnityEngine.LogType,object)
UnityEngine.Debug:Log (object)
YooAsset.Editor.BuildLogger:Log (string) (at ./Packages/YooAsset/Editor/AssetBundleBuilder/BuildSystem/BuildLogger.cs:68)
YooAsset.Editor.BuildRunner:Run (System.Collections.Generic.List`1<YooAsset.Editor.IBuildTask>,YooAsset.Editor.BuildContext) (at ./Packages/YooAsset/Editor/AssetBundleBuilder/BuildSystem/BuildRunner.cs:47)
YooAsset.Editor.AssetBundleBuilder:Run (YooAsset.Editor.BuildParameters,System.Collections.Generic.List`1<YooAsset.Editor.IBuildTask>,bool) (at ./Packages/YooAsset/Editor/AssetBundleBuilder/AssetBundleBuilder.cs:41)
YooAsset.Editor.ScriptableBuildPipeline:Run (YooAsset.Editor.BuildParameters,bool) (at ./Packages/YooAsset/Editor/AssetBundleBuilder/BuildPipeline/ScriptableBuildPipeline/ScriptableBuildPipeline.cs:14)
TEngine.ReleaseTools:BuildInternalWithConfig (TEngine.BuildConfig) (at Assets/TEngine/Editor/ReleaseTools/ReleaseTools.cs:212)
TEngine.ReleaseTools:BuildWithConfig (TEngine.BuildConfig,bool) (at Assets/TEngine/Editor/ReleaseTools/ReleaseTools.cs:132)
TEngine.ReleaseTools:AutomationBuildAndroid () (at Assets/TEngine/Editor/ReleaseTools/ReleaseTools.cs:97)

(Filename: ./Packages/YooAsset/Editor/AssetBundleBuilder/BuildSystem/BuildRunner.cs Line: 47)

--------------------------------------------->TaskEncryption<--------------------------------------------
UnityEngine.Debug:ExtractStackTraceNoAlloc (byte*,int,string)
UnityEngine.StackTraceUtility:ExtractStackTrace () (at /Users/bokken/build/output/unity/unity/Runtime/Export/Scripting/StackTrace.cs:35)
UnityEngine.DebugLogHandler:Internal_Log (UnityEngine.LogType,UnityEngine.LogOption,string,UnityEngine.Object)
UnityEngine.DebugLogHandler:LogFormat (UnityEngine.LogType,UnityEngine.Object,string,object[])
UnityEngine.Logger:Log (UnityEngine.LogType,object)
UnityEngine.Debug:Log (object)
YooAsset.Editor.BuildLogger:Log (string) (at ./Packages/YooAsset/Editor/AssetBundleBuilder/BuildSystem/BuildLogger.cs:68)
YooAsset.Editor.BuildRunner:Run (System.Collections.Generic.List`1<YooAsset.Editor.IBuildTask>,YooAsset.Editor.BuildContext) (at ./Packages/YooAsset/Editor/AssetBundleBuilder/BuildSystem/BuildRunner.cs:40)
YooAsset.Editor.AssetBundleBuilder:Run (YooAsset.Editor.BuildParameters,System.Collections.Generic.List`1<YooAsset.Editor.IBuildTask>,bool) (at ./Packages/YooAsset/Editor/AssetBundleBuilder/AssetBundleBuilder.cs:41)
YooAsset.Editor.ScriptableBuildPipeline:Run (YooAsset.Editor.BuildParameters,bool) (at ./Packages/YooAsset/Editor/AssetBundleBuilder/BuildPipeline/ScriptableBuildPipeline/ScriptableBuildPipeline.cs:14)
TEngine.ReleaseTools:BuildInternalWithConfig (TEngine.BuildConfig) (at Assets/TEngine/Editor/ReleaseTools/ReleaseTools.cs:212)
TEngine.ReleaseTools:BuildWithConfig (TEngine.BuildConfig,bool) (at Assets/TEngine/Editor/ReleaseTools/ReleaseTools.cs:132)
TEngine.ReleaseTools:AutomationBuildAndroid () (at Assets/TEngine/Editor/ReleaseTools/ReleaseTools.cs:97)

(Filename: ./Packages/YooAsset/Editor/AssetBundleBuilder/BuildSystem/BuildRunner.cs Line: 40)

TaskEncryption It takes 0 seconds in total
UnityEngine.Debug:ExtractStackTraceNoAlloc (byte*,int,string)
UnityEngine.StackTraceUtility:ExtractStackTrace () (at /Users/bokken/build/output/unity/unity/Runtime/Export/Scripting/StackTrace.cs:35)
UnityEngine.DebugLogHandler:Internal_Log (UnityEngine.LogType,UnityEngine.LogOption,string,UnityEngine.Object)
UnityEngine.DebugLogHandler:LogFormat (UnityEngine.LogType,UnityEngine.Object,string,object[])
UnityEngine.Logger:Log (UnityEngine.LogType,object)
UnityEngine.Debug:Log (object)
YooAsset.Editor.BuildLogger:Log (string) (at ./Packages/YooAsset/Editor/AssetBundleBuilder/BuildSystem/BuildLogger.cs:68)
YooAsset.Editor.BuildRunner:Run (System.Collections.Generic.List`1<YooAsset.Editor.IBuildTask>,YooAsset.Editor.BuildContext) (at ./Packages/YooAsset/Editor/AssetBundleBuilder/BuildSystem/BuildRunner.cs:47)
YooAsset.Editor.AssetBundleBuilder:Run (YooAsset.Editor.BuildParameters,System.Collections.Generic.List`1<YooAsset.Editor.IBuildTask>,bool) (at ./Packages/YooAsset/Editor/AssetBundleBuilder/AssetBundleBuilder.cs:41)
YooAsset.Editor.ScriptableBuildPipeline:Run (YooAsset.Editor.BuildParameters,bool) (at ./Packages/YooAsset/Editor/AssetBundleBuilder/BuildPipeline/ScriptableBuildPipeline/ScriptableBuildPipeline.cs:14)
TEngine.ReleaseTools:BuildInternalWithConfig (TEngine.BuildConfig) (at Assets/TEngine/Editor/ReleaseTools/ReleaseTools.cs:212)
TEngine.ReleaseTools:BuildWithConfig (TEngine.BuildConfig,bool) (at Assets/TEngine/Editor/ReleaseTools/ReleaseTools.cs:132)
TEngine.ReleaseTools:AutomationBuildAndroid () (at Assets/TEngine/Editor/ReleaseTools/ReleaseTools.cs:97)

(Filename: ./Packages/YooAsset/Editor/AssetBundleBuilder/BuildSystem/BuildRunner.cs Line: 47)

--------------------------------------------->TaskUpdateBundleInfo<--------------------------------------------
UnityEngine.Debug:ExtractStackTraceNoAlloc (byte*,int,string)
UnityEngine.StackTraceUtility:ExtractStackTrace () (at /Users/bokken/build/output/unity/unity/Runtime/Export/Scripting/StackTrace.cs:35)
UnityEngine.DebugLogHandler:Internal_Log (UnityEngine.LogType,UnityEngine.LogOption,string,UnityEngine.Object)
UnityEngine.DebugLogHandler:LogFormat (UnityEngine.LogType,UnityEngine.Object,string,object[])
UnityEngine.Logger:Log (UnityEngine.LogType,object)
UnityEngine.Debug:Log (object)
YooAsset.Editor.BuildLogger:Log (string) (at ./Packages/YooAsset/Editor/AssetBundleBuilder/BuildSystem/BuildLogger.cs:68)
YooAsset.Editor.BuildRunner:Run (System.Collections.Generic.List`1<YooAsset.Editor.IBuildTask>,YooAsset.Editor.BuildContext) (at ./Packages/YooAsset/Editor/AssetBundleBuilder/BuildSystem/BuildRunner.cs:40)
YooAsset.Editor.AssetBundleBuilder:Run (YooAsset.Editor.BuildParameters,System.Collections.Generic.List`1<YooAsset.Editor.IBuildTask>,bool) (at ./Packages/YooAsset/Editor/AssetBundleBuilder/AssetBundleBuilder.cs:41)
YooAsset.Editor.ScriptableBuildPipeline:Run (YooAsset.Editor.BuildParameters,bool) (at ./Packages/YooAsset/Editor/AssetBundleBuilder/BuildPipeline/ScriptableBuildPipeline/ScriptableBuildPipeline.cs:14)
TEngine.ReleaseTools:BuildInternalWithConfig (TEngine.BuildConfig) (at Assets/TEngine/Editor/ReleaseTools/ReleaseTools.cs:212)
TEngine.ReleaseTools:BuildWithConfig (TEngine.BuildConfig,bool) (at Assets/TEngine/Editor/ReleaseTools/ReleaseTools.cs:132)
TEngine.ReleaseTools:AutomationBuildAndroid () (at Assets/TEngine/Editor/ReleaseTools/ReleaseTools.cs:97)

(Filename: ./Packages/YooAsset/Editor/AssetBundleBuilder/BuildSystem/BuildRunner.cs Line: 40)

TaskUpdateBundleInfo It takes 0 seconds in total
UnityEngine.Debug:ExtractStackTraceNoAlloc (byte*,int,string)
UnityEngine.StackTraceUtility:ExtractStackTrace () (at /Users/bokken/build/output/unity/unity/Runtime/Export/Scripting/StackTrace.cs:35)
UnityEngine.DebugLogHandler:Internal_Log (UnityEngine.LogType,UnityEngine.LogOption,string,UnityEngine.Object)
UnityEngine.DebugLogHandler:LogFormat (UnityEngine.LogType,UnityEngine.Object,string,object[])
UnityEngine.Logger:Log (UnityEngine.LogType,object)
UnityEngine.Debug:Log (object)
YooAsset.Editor.BuildLogger:Log (string) (at ./Packages/YooAsset/Editor/AssetBundleBuilder/BuildSystem/BuildLogger.cs:68)
YooAsset.Editor.BuildRunner:Run (System.Collections.Generic.List`1<YooAsset.Editor.IBuildTask>,YooAsset.Editor.BuildContext) (at ./Packages/YooAsset/Editor/AssetBundleBuilder/BuildSystem/BuildRunner.cs:47)
YooAsset.Editor.AssetBundleBuilder:Run (YooAsset.Editor.BuildParameters,System.Collections.Generic.List`1<YooAsset.Editor.IBuildTask>,bool) (at ./Packages/YooAsset/Editor/AssetBundleBuilder/AssetBundleBuilder.cs:41)
YooAsset.Editor.ScriptableBuildPipeline:Run (YooAsset.Editor.BuildParameters,bool) (at ./Packages/YooAsset/Editor/AssetBundleBuilder/BuildPipeline/ScriptableBuildPipeline/ScriptableBuildPipeline.cs:14)
TEngine.ReleaseTools:BuildInternalWithConfig (TEngine.BuildConfig) (at Assets/TEngine/Editor/ReleaseTools/ReleaseTools.cs:212)
TEngine.ReleaseTools:BuildWithConfig (TEngine.BuildConfig,bool) (at Assets/TEngine/Editor/ReleaseTools/ReleaseTools.cs:132)
TEngine.ReleaseTools:AutomationBuildAndroid () (at Assets/TEngine/Editor/ReleaseTools/ReleaseTools.cs:97)

(Filename: ./Packages/YooAsset/Editor/AssetBundleBuilder/BuildSystem/BuildRunner.cs Line: 47)

--------------------------------------------->TaskCreateManifest<--------------------------------------------
UnityEngine.Debug:ExtractStackTraceNoAlloc (byte*,int,string)
UnityEngine.StackTraceUtility:ExtractStackTrace () (at /Users/bokken/build/output/unity/unity/Runtime/Export/Scripting/StackTrace.cs:35)
UnityEngine.DebugLogHandler:Internal_Log (UnityEngine.LogType,UnityEngine.LogOption,string,UnityEngine.Object)
UnityEngine.DebugLogHandler:LogFormat (UnityEngine.LogType,UnityEngine.Object,string,object[])
UnityEngine.Logger:Log (UnityEngine.LogType,object)
UnityEngine.Debug:Log (object)
YooAsset.Editor.BuildLogger:Log (string) (at ./Packages/YooAsset/Editor/AssetBundleBuilder/BuildSystem/BuildLogger.cs:68)
YooAsset.Editor.BuildRunner:Run (System.Collections.Generic.List`1<YooAsset.Editor.IBuildTask>,YooAsset.Editor.BuildContext) (at ./Packages/YooAsset/Editor/AssetBundleBuilder/BuildSystem/BuildRunner.cs:40)
YooAsset.Editor.AssetBundleBuilder:Run (YooAsset.Editor.BuildParameters,System.Collections.Generic.List`1<YooAsset.Editor.IBuildTask>,bool) (at ./Packages/YooAsset/Editor/AssetBundleBuilder/AssetBundleBuilder.cs:41)
YooAsset.Editor.ScriptableBuildPipeline:Run (YooAsset.Editor.BuildParameters,bool) (at ./Packages/YooAsset/Editor/AssetBundleBuilder/BuildPipeline/ScriptableBuildPipeline/ScriptableBuildPipeline.cs:14)
TEngine.ReleaseTools:BuildInternalWithConfig (TEngine.BuildConfig) (at Assets/TEngine/Editor/ReleaseTools/ReleaseTools.cs:212)
TEngine.ReleaseTools:BuildWithConfig (TEngine.BuildConfig,bool) (at Assets/TEngine/Editor/ReleaseTools/ReleaseTools.cs:132)
TEngine.ReleaseTools:AutomationBuildAndroid () (at Assets/TEngine/Editor/ReleaseTools/ReleaseTools.cs:97)

(Filename: ./Packages/YooAsset/Editor/AssetBundleBuilder/BuildSystem/BuildRunner.cs Line: 40)

[ErrorCode601] Found stray bundle ! Bundle ID : 12 Bundle name : defaultpackage_unityshaders.bundle
UnityEngine.Debug:ExtractStackTraceNoAlloc (byte*,int,string)
UnityEngine.StackTraceUtility:ExtractStackTrace () (at /Users/bokken/build/output/unity/unity/Runtime/Export/Scripting/StackTrace.cs:35)
UnityEngine.DebugLogHandler:Internal_Log (UnityEngine.LogType,UnityEngine.LogOption,string,UnityEngine.Object)
UnityEngine.DebugLogHandler:LogFormat (UnityEngine.LogType,UnityEngine.Object,string,object[])
UnityEngine.Logger:Log (UnityEngine.LogType,object)
UnityEngine.Debug:LogWarning (object)
YooAsset.Editor.BuildLogger:Warning (string) (at ./Packages/YooAsset/Editor/AssetBundleBuilder/BuildSystem/BuildLogger.cs:76)
YooAsset.Editor.TaskCreateManifest:ProcessBundleTags (YooAsset.PackageManifest) (at ./Packages/YooAsset/Editor/AssetBundleBuilder/BuildPipeline/BaseTasks/TaskCreateManifest.cs:273)
YooAsset.Editor.TaskCreateManifest:CreateManifestFile (bool,bool,bool,YooAsset.Editor.BuildContext) (at ./Packages/YooAsset/Editor/AssetBundleBuilder/BuildPipeline/BaseTasks/TaskCreateManifest.cs:58)
YooAsset.Editor.TaskCreateManifest_SBP:YooAsset.Editor.IBuildTask.Run (YooAsset.Editor.BuildContext) (at ./Packages/YooAsset/Editor/AssetBundleBuilder/BuildPipeline/ScriptableBuildPipeline/BuildTasks/TaskCreateManifest_SBP.cs:19)
YooAsset.Editor.BuildRunner:Run (System.Collections.Generic.List`1<YooAsset.Editor.IBuildTask>,YooAsset.Editor.BuildContext) (at ./Packages/YooAsset/Editor/AssetBundleBuilder/BuildSystem/BuildRunner.cs:41)
YooAsset.Editor.AssetBundleBuilder:Run (YooAsset.Editor.BuildParameters,System.Collections.Generic.List`1<YooAsset.Editor.IBuildTask>,bool) (at ./Packages/YooAsset/Editor/AssetBundleBuilder/AssetBundleBuilder.cs:41)
YooAsset.Editor.ScriptableBuildPipeline:Run (YooAsset.Editor.BuildParameters,bool) (at ./Packages/YooAsset/Editor/AssetBundleBuilder/BuildPipeline/ScriptableBuildPipeline/ScriptableBuildPipeline.cs:14)
TEngine.ReleaseTools:BuildInternalWithConfig (TEngine.BuildConfig) (at Assets/TEngine/Editor/ReleaseTools/ReleaseTools.cs:212)
TEngine.ReleaseTools:BuildWithConfig (TEngine.BuildConfig,bool) (at Assets/TEngine/Editor/ReleaseTools/ReleaseTools.cs:132)
TEngine.ReleaseTools:AutomationBuildAndroid () (at Assets/TEngine/Editor/ReleaseTools/ReleaseTools.cs:97)

(Filename: ./Packages/YooAsset/Editor/AssetBundleBuilder/BuildSystem/BuildLogger.cs Line: 76)

Create package manifest file: /Users/ray/projects/TEngine/UnityProject/Assets/../Bundles/Android/DefaultPackage/2026-07-28-1056/DefaultPackage_2026-07-28-1056.json
UnityEngine.Debug:ExtractStackTraceNoAlloc (byte*,int,string)
UnityEngine.StackTraceUtility:ExtractStackTrace () (at /Users/bokken/build/output/unity/unity/Runtime/Export/Scripting/StackTrace.cs:35)
UnityEngine.DebugLogHandler:Internal_Log (UnityEngine.LogType,UnityEngine.LogOption,string,UnityEngine.Object)
UnityEngine.DebugLogHandler:LogFormat (UnityEngine.LogType,UnityEngine.Object,string,object[])
UnityEngine.Logger:Log (UnityEngine.LogType,object)
UnityEngine.Debug:Log (object)
YooAsset.Editor.BuildLogger:Log (string) (at ./Packages/YooAsset/Editor/AssetBundleBuilder/BuildSystem/BuildLogger.cs:68)
YooAsset.Editor.TaskCreateManifest:CreateManifestFile (bool,bool,bool,YooAsset.Editor.BuildContext) (at ./Packages/YooAsset/Editor/AssetBundleBuilder/BuildPipeline/BaseTasks/TaskCreateManifest.cs:75)
YooAsset.Editor.TaskCreateManifest_SBP:YooAsset.Editor.IBuildTask.Run (YooAsset.Editor.BuildContext) (at ./Packages/YooAsset/Editor/AssetBundleBuilder/BuildPipeline/ScriptableBuildPipeline/BuildTasks/TaskCreateManifest_SBP.cs:19)
YooAsset.Editor.BuildRunner:Run (System.Collections.Generic.List`1<YooAsset.Editor.IBuildTask>,YooAsset.Editor.BuildContext) (at ./Packages/YooAsset/Editor/AssetBundleBuilder/BuildSystem/BuildRunner.cs:41)
YooAsset.Editor.AssetBundleBuilder:Run (YooAsset.Editor.BuildParameters,System.Collections.Generic.List`1<YooAsset.Editor.IBuildTask>,bool) (at ./Packages/YooAsset/Editor/AssetBundleBuilder/AssetBundleBuilder.cs:41)
YooAsset.Editor.ScriptableBuildPipeline:Run (YooAsset.Editor.BuildParameters,bool) (at ./Packages/YooAsset/Editor/AssetBundleBuilder/BuildPipeline/ScriptableBuildPipeline/ScriptableBuildPipeline.cs:14)
TEngine.ReleaseTools:BuildInternalWithConfig (TEngine.BuildConfig) (at Assets/TEngine/Editor/ReleaseTools/ReleaseTools.cs:212)
TEngine.ReleaseTools:BuildWithConfig (TEngine.BuildConfig,bool) (at Assets/TEngine/Editor/ReleaseTools/ReleaseTools.cs:132)
TEngine.ReleaseTools:AutomationBuildAndroid () (at Assets/TEngine/Editor/ReleaseTools/ReleaseTools.cs:97)

(Filename: ./Packages/YooAsset/Editor/AssetBundleBuilder/BuildPipeline/BaseTasks/TaskCreateManifest.cs Line: 75)

Create package manifest file: /Users/ray/projects/TEngine/UnityProject/Assets/../Bundles/Android/DefaultPackage/2026-07-28-1056/DefaultPackage_2026-07-28-1056.bytes
UnityEngine.Debug:ExtractStackTraceNoAlloc (byte*,int,string)
UnityEngine.StackTraceUtility:ExtractStackTrace () (at /Users/bokken/build/output/unity/unity/Runtime/Export/Scripting/StackTrace.cs:35)
UnityEngine.DebugLogHandler:Internal_Log (UnityEngine.LogType,UnityEngine.LogOption,string,UnityEngine.Object)
UnityEngine.DebugLogHandler:LogFormat (UnityEngine.LogType,UnityEngine.Object,string,object[])
UnityEngine.Logger:Log (UnityEngine.LogType,object)
UnityEngine.Debug:Log (object)
YooAsset.Editor.BuildLogger:Log (string) (at ./Packages/YooAsset/Editor/AssetBundleBuilder/BuildSystem/BuildLogger.cs:68)
YooAsset.Editor.TaskCreateManifest:CreateManifestFile (bool,bool,bool,YooAsset.Editor.BuildContext) (at ./Packages/YooAsset/Editor/AssetBundleBuilder/BuildPipeline/BaseTasks/TaskCreateManifest.cs:86)
YooAsset.Editor.TaskCreateManifest_SBP:YooAsset.Editor.IBuildTask.Run (YooAsset.Editor.BuildContext) (at ./Packages/YooAsset/Editor/AssetBundleBuilder/BuildPipeline/ScriptableBuildPipeline/BuildTasks/TaskCreateManifest_SBP.cs:19)
YooAsset.Editor.BuildRunner:Run (System.Collections.Generic.List`1<YooAsset.Editor.IBuildTask>,YooAsset.Editor.BuildContext) (at ./Packages/YooAsset/Editor/AssetBundleBuilder/BuildSystem/BuildRunner.cs:41)
YooAsset.Editor.AssetBundleBuilder:Run (YooAsset.Editor.BuildParameters,System.Collections.Generic.List`1<YooAsset.Editor.IBuildTask>,bool) (at ./Packages/YooAsset/Editor/AssetBundleBuilder/AssetBundleBuilder.cs:41)
YooAsset.Editor.ScriptableBuildPipeline:Run (YooAsset.Editor.BuildParameters,bool) (at ./Packages/YooAsset/Editor/AssetBundleBuilder/BuildPipeline/ScriptableBuildPipeline/ScriptableBuildPipeline.cs:14)
TEngine.ReleaseTools:BuildInternalWithConfig (TEngine.BuildConfig) (at Assets/TEngine/Editor/ReleaseTools/ReleaseTools.cs:212)
TEngine.ReleaseTools:BuildWithConfig (TEngine.BuildConfig,bool) (at Assets/TEngine/Editor/ReleaseTools/ReleaseTools.cs:132)
TEngine.ReleaseTools:AutomationBuildAndroid () (at Assets/TEngine/Editor/ReleaseTools/ReleaseTools.cs:97)

(Filename: ./Packages/YooAsset/Editor/AssetBundleBuilder/BuildPipeline/BaseTasks/TaskCreateManifest.cs Line: 86)

Create package manifest hash file: /Users/ray/projects/TEngine/UnityProject/Assets/../Bundles/Android/DefaultPackage/2026-07-28-1056/DefaultPackage_2026-07-28-1056.hash
UnityEngine.Debug:ExtractStackTraceNoAlloc (byte*,int,string)
UnityEngine.StackTraceUtility:ExtractStackTrace () (at /Users/bokken/build/output/unity/unity/Runtime/Export/Scripting/StackTrace.cs:35)
UnityEngine.DebugLogHandler:Internal_Log (UnityEngine.LogType,UnityEngine.LogOption,string,UnityEngine.Object)
UnityEngine.DebugLogHandler:LogFormat (UnityEngine.LogType,UnityEngine.Object,string,object[])
UnityEngine.Logger:Log (UnityEngine.LogType,object)
UnityEngine.Debug:Log (object)
YooAsset.Editor.BuildLogger:Log (string) (at ./Packages/YooAsset/Editor/AssetBundleBuilder/BuildSystem/BuildLogger.cs:68)
YooAsset.Editor.TaskCreateManifest:CreateManifestFile (bool,bool,bool,YooAsset.Editor.BuildContext) (at ./Packages/YooAsset/Editor/AssetBundleBuilder/BuildPipeline/BaseTasks/TaskCreateManifest.cs:94)
YooAsset.Editor.TaskCreateManifest_SBP:YooAsset.Editor.IBuildTask.Run (YooAsset.Editor.BuildContext) (at ./Packages/YooAsset/Editor/AssetBundleBuilder/BuildPipeline/ScriptableBuildPipeline/BuildTasks/TaskCreateManifest_SBP.cs:19)
YooAsset.Editor.BuildRunner:Run (System.Collections.Generic.List`1<YooAsset.Editor.IBuildTask>,YooAsset.Editor.BuildContext) (at ./Packages/YooAsset/Editor/AssetBundleBuilder/BuildSystem/BuildRunner.cs:41)
YooAsset.Editor.AssetBundleBuilder:Run (YooAsset.Editor.BuildParameters,System.Collections.Generic.List`1<YooAsset.Editor.IBuildTask>,bool) (at ./Packages/YooAsset/Editor/AssetBundleBuilder/AssetBundleBuilder.cs:41)
YooAsset.Editor.ScriptableBuildPipeline:Run (YooAsset.Editor.BuildParameters,bool) (at ./Packages/YooAsset/Editor/AssetBundleBuilder/BuildPipeline/ScriptableBuildPipeline/ScriptableBuildPipeline.cs:14)
TEngine.ReleaseTools:BuildInternalWithConfig (TEngine.BuildConfig) (at Assets/TEngine/Editor/ReleaseTools/ReleaseTools.cs:212)
TEngine.ReleaseTools:BuildWithConfig (TEngine.BuildConfig,bool) (at Assets/TEngine/Editor/ReleaseTools/ReleaseTools.cs:132)
TEngine.ReleaseTools:AutomationBuildAndroid () (at Assets/TEngine/Editor/ReleaseTools/ReleaseTools.cs:97)

(Filename: ./Packages/YooAsset/Editor/AssetBundleBuilder/BuildPipeline/BaseTasks/TaskCreateManifest.cs Line: 94)

Create package manifest version file: /Users/ray/projects/TEngine/UnityProject/Assets/../Bundles/Android/DefaultPackage/2026-07-28-1056/DefaultPackage.version
UnityEngine.Debug:ExtractStackTraceNoAlloc (byte*,int,string)
UnityEngine.StackTraceUtility:ExtractStackTrace () (at /Users/bokken/build/output/unity/unity/Runtime/Export/Scripting/StackTrace.cs:35)
UnityEngine.DebugLogHandler:Internal_Log (UnityEngine.LogType,UnityEngine.LogOption,string,UnityEngine.Object)
UnityEngine.DebugLogHandler:LogFormat (UnityEngine.LogType,UnityEngine.Object,string,object[])
UnityEngine.Logger:Log (UnityEngine.LogType,object)
UnityEngine.Debug:Log (object)
YooAsset.Editor.BuildLogger:Log (string) (at ./Packages/YooAsset/Editor/AssetBundleBuilder/BuildSystem/BuildLogger.cs:68)
YooAsset.Editor.TaskCreateManifest:CreateManifestFile (bool,bool,bool,YooAsset.Editor.BuildContext) (at ./Packages/YooAsset/Editor/AssetBundleBuilder/BuildPipeline/BaseTasks/TaskCreateManifest.cs:102)
YooAsset.Editor.TaskCreateManifest_SBP:YooAsset.Editor.IBuildTask.Run (YooAsset.Editor.BuildContext) (at ./Packages/YooAsset/Editor/AssetBundleBuilder/BuildPipeline/ScriptableBuildPipeline/BuildTasks/TaskCreateManifest_SBP.cs:19)
YooAsset.Editor.BuildRunner:Run (System.Collections.Generic.List`1<YooAsset.Editor.IBuildTask>,YooAsset.Editor.BuildContext) (at ./Packages/YooAsset/Editor/AssetBundleBuilder/BuildSystem/BuildRunner.cs:41)
YooAsset.Editor.AssetBundleBuilder:Run (YooAsset.Editor.BuildParameters,System.Collections.Generic.List`1<YooAsset.Editor.IBuildTask>,bool) (at ./Packages/YooAsset/Editor/AssetBundleBuilder/AssetBundleBuilder.cs:41)
YooAsset.Editor.ScriptableBuildPipeline:Run (YooAsset.Editor.BuildParameters,bool) (at ./Packages/YooAsset/Editor/AssetBundleBuilder/BuildPipeline/ScriptableBuildPipeline/ScriptableBuildPipeline.cs:14)
TEngine.ReleaseTools:BuildInternalWithConfig (TEngine.BuildConfig) (at Assets/TEngine/Editor/ReleaseTools/ReleaseTools.cs:212)
TEngine.ReleaseTools:BuildWithConfig (TEngine.BuildConfig,bool) (at Assets/TEngine/Editor/ReleaseTools/ReleaseTools.cs:132)
TEngine.ReleaseTools:AutomationBuildAndroid () (at Assets/TEngine/Editor/ReleaseTools/ReleaseTools.cs:97)

(Filename: ./Packages/YooAsset/Editor/AssetBundleBuilder/BuildPipeline/BaseTasks/TaskCreateManifest.cs Line: 102)

TaskCreateManifest It takes 0 seconds in total
UnityEngine.Debug:ExtractStackTraceNoAlloc (byte*,int,string)
UnityEngine.StackTraceUtility:ExtractStackTrace () (at /Users/bokken/build/output/unity/unity/Runtime/Export/Scripting/StackTrace.cs:35)
UnityEngine.DebugLogHandler:Internal_Log (UnityEngine.LogType,UnityEngine.LogOption,string,UnityEngine.Object)
UnityEngine.DebugLogHandler:LogFormat (UnityEngine.LogType,UnityEngine.Object,string,object[])
UnityEngine.Logger:Log (UnityEngine.LogType,object)
UnityEngine.Debug:Log (object)
YooAsset.Editor.BuildLogger:Log (string) (at ./Packages/YooAsset/Editor/AssetBundleBuilder/BuildSystem/BuildLogger.cs:68)
YooAsset.Editor.BuildRunner:Run (System.Collections.Generic.List`1<YooAsset.Editor.IBuildTask>,YooAsset.Editor.BuildContext) (at ./Packages/YooAsset/Editor/AssetBundleBuilder/BuildSystem/BuildRunner.cs:47)
YooAsset.Editor.AssetBundleBuilder:Run (YooAsset.Editor.BuildParameters,System.Collections.Generic.List`1<YooAsset.Editor.IBuildTask>,bool) (at ./Packages/YooAsset/Editor/AssetBundleBuilder/AssetBundleBuilder.cs:41)
YooAsset.Editor.ScriptableBuildPipeline:Run (YooAsset.Editor.BuildParameters,bool) (at ./Packages/YooAsset/Editor/AssetBundleBuilder/BuildPipeline/ScriptableBuildPipeline/ScriptableBuildPipeline.cs:14)
TEngine.ReleaseTools:BuildInternalWithConfig (TEngine.BuildConfig) (at Assets/TEngine/Editor/ReleaseTools/ReleaseTools.cs:212)
TEngine.ReleaseTools:BuildWithConfig (TEngine.BuildConfig,bool) (at Assets/TEngine/Editor/ReleaseTools/ReleaseTools.cs:132)
TEngine.ReleaseTools:AutomationBuildAndroid () (at Assets/TEngine/Editor/ReleaseTools/ReleaseTools.cs:97)

(Filename: ./Packages/YooAsset/Editor/AssetBundleBuilder/BuildSystem/BuildRunner.cs Line: 47)

--------------------------------------------->TaskCreateReport<--------------------------------------------
UnityEngine.Debug:ExtractStackTraceNoAlloc (byte*,int,string)
UnityEngine.StackTraceUtility:ExtractStackTrace () (at /Users/bokken/build/output/unity/unity/Runtime/Export/Scripting/StackTrace.cs:35)
UnityEngine.DebugLogHandler:Internal_Log (UnityEngine.LogType,UnityEngine.LogOption,string,UnityEngine.Object)
UnityEngine.DebugLogHandler:LogFormat (UnityEngine.LogType,UnityEngine.Object,string,object[])
UnityEngine.Logger:Log (UnityEngine.LogType,object)
UnityEngine.Debug:Log (object)
YooAsset.Editor.BuildLogger:Log (string) (at ./Packages/YooAsset/Editor/AssetBundleBuilder/BuildSystem/BuildLogger.cs:68)
YooAsset.Editor.BuildRunner:Run (System.Collections.Generic.List`1<YooAsset.Editor.IBuildTask>,YooAsset.Editor.BuildContext) (at ./Packages/YooAsset/Editor/AssetBundleBuilder/BuildSystem/BuildRunner.cs:40)
YooAsset.Editor.AssetBundleBuilder:Run (YooAsset.Editor.BuildParameters,System.Collections.Generic.List`1<YooAsset.Editor.IBuildTask>,bool) (at ./Packages/YooAsset/Editor/AssetBundleBuilder/AssetBundleBuilder.cs:41)
YooAsset.Editor.ScriptableBuildPipeline:Run (YooAsset.Editor.BuildParameters,bool) (at ./Packages/YooAsset/Editor/AssetBundleBuilder/BuildPipeline/ScriptableBuildPipeline/ScriptableBuildPipeline.cs:14)
TEngine.ReleaseTools:BuildInternalWithConfig (TEngine.BuildConfig) (at Assets/TEngine/Editor/ReleaseTools/ReleaseTools.cs:212)
TEngine.ReleaseTools:BuildWithConfig (TEngine.BuildConfig,bool) (at Assets/TEngine/Editor/ReleaseTools/ReleaseTools.cs:132)
TEngine.ReleaseTools:AutomationBuildAndroid () (at Assets/TEngine/Editor/ReleaseTools/ReleaseTools.cs:97)

(Filename: ./Packages/YooAsset/Editor/AssetBundleBuilder/BuildSystem/BuildRunner.cs Line: 40)

Create build report file: /Users/ray/projects/TEngine/UnityProject/Assets/../Bundles/Android/DefaultPackage/2026-07-28-1056/DefaultPackage_2026-07-28-1056.report
UnityEngine.Debug:ExtractStackTraceNoAlloc (byte*,int,string)
UnityEngine.StackTraceUtility:ExtractStackTrace () (at /Users/bokken/build/output/unity/unity/Runtime/Export/Scripting/StackTrace.cs:35)
UnityEngine.DebugLogHandler:Internal_Log (UnityEngine.LogType,UnityEngine.LogOption,string,UnityEngine.Object)
UnityEngine.DebugLogHandler:LogFormat (UnityEngine.LogType,UnityEngine.Object,string,object[])
UnityEngine.Logger:Log (UnityEngine.LogType,object)
UnityEngine.Debug:Log (object)
YooAsset.Editor.BuildLogger:Log (string) (at ./Packages/YooAsset/Editor/AssetBundleBuilder/BuildSystem/BuildLogger.cs:68)
YooAsset.Editor.TaskCreateReport:CreateReportFile (YooAsset.Editor.BuildParametersContext,YooAsset.Editor.BuildMapContext,YooAsset.Editor.ManifestContext) (at ./Packages/YooAsset/Editor/AssetBundleBuilder/BuildPipeline/BaseTasks/TaskCreateReport.cs:124)
YooAsset.Editor.TaskCreateReport_SBP:YooAsset.Editor.IBuildTask.Run (YooAsset.Editor.BuildContext) (at ./Packages/YooAsset/Editor/AssetBundleBuilder/BuildPipeline/ScriptableBuildPipeline/BuildTasks/TaskCreateReport_SBP.cs:16)
YooAsset.Editor.BuildRunner:Run (System.Collections.Generic.List`1<YooAsset.Editor.IBuildTask>,YooAsset.Editor.BuildContext) (at ./Packages/YooAsset/Editor/AssetBundleBuilder/BuildSystem/BuildRunner.cs:41)
YooAsset.Editor.AssetBundleBuilder:Run (YooAsset.Editor.BuildParameters,System.Collections.Generic.List`1<YooAsset.Editor.IBuildTask>,bool) (at ./Packages/YooAsset/Editor/AssetBundleBuilder/AssetBundleBuilder.cs:41)
YooAsset.Editor.ScriptableBuildPipeline:Run (YooAsset.Editor.BuildParameters,bool) (at ./Packages/YooAsset/Editor/AssetBundleBuilder/BuildPipeline/ScriptableBuildPipeline/ScriptableBuildPipeline.cs:14)
TEngine.ReleaseTools:BuildInternalWithConfig (TEngine.BuildConfig) (at Assets/TEngine/Editor/ReleaseTools/ReleaseTools.cs:212)
TEngine.ReleaseTools:BuildWithConfig (TEngine.BuildConfig,bool) (at Assets/TEngine/Editor/ReleaseTools/ReleaseTools.cs:132)
TEngine.ReleaseTools:AutomationBuildAndroid () (at Assets/TEngine/Editor/ReleaseTools/ReleaseTools.cs:97)

(Filename: ./Packages/YooAsset/Editor/AssetBundleBuilder/BuildPipeline/BaseTasks/TaskCreateReport.cs Line: 124)

TaskCreateReport It takes 0 seconds in total
UnityEngine.Debug:ExtractStackTraceNoAlloc (byte*,int,string)
UnityEngine.StackTraceUtility:ExtractStackTrace () (at /Users/bokken/build/output/unity/unity/Runtime/Export/Scripting/StackTrace.cs:35)
UnityEngine.DebugLogHandler:Internal_Log (UnityEngine.LogType,UnityEngine.LogOption,string,UnityEngine.Object)
UnityEngine.DebugLogHandler:LogFormat (UnityEngine.LogType,UnityEngine.Object,string,object[])
UnityEngine.Logger:Log (UnityEngine.LogType,object)
UnityEngine.Debug:Log (object)
YooAsset.Editor.BuildLogger:Log (string) (at ./Packages/YooAsset/Editor/AssetBundleBuilder/BuildSystem/BuildLogger.cs:68)
YooAsset.Editor.BuildRunner:Run (System.Collections.Generic.List`1<YooAsset.Editor.IBuildTask>,YooAsset.Editor.BuildContext) (at ./Packages/YooAsset/Editor/AssetBundleBuilder/BuildSystem/BuildRunner.cs:47)
YooAsset.Editor.AssetBundleBuilder:Run (YooAsset.Editor.BuildParameters,System.Collections.Generic.List`1<YooAsset.Editor.IBuildTask>,bool) (at ./Packages/YooAsset/Editor/AssetBundleBuilder/AssetBundleBuilder.cs:41)
YooAsset.Editor.ScriptableBuildPipeline:Run (YooAsset.Editor.BuildParameters,bool) (at ./Packages/YooAsset/Editor/AssetBundleBuilder/BuildPipeline/ScriptableBuildPipeline/ScriptableBuildPipeline.cs:14)
TEngine.ReleaseTools:BuildInternalWithConfig (TEngine.BuildConfig) (at Assets/TEngine/Editor/ReleaseTools/ReleaseTools.cs:212)
TEngine.ReleaseTools:BuildWithConfig (TEngine.BuildConfig,bool) (at Assets/TEngine/Editor/ReleaseTools/ReleaseTools.cs:132)
TEngine.ReleaseTools:AutomationBuildAndroid () (at Assets/TEngine/Editor/ReleaseTools/ReleaseTools.cs:97)

(Filename: ./Packages/YooAsset/Editor/AssetBundleBuilder/BuildSystem/BuildRunner.cs Line: 47)

--------------------------------------------->TaskCreatePackage<--------------------------------------------
UnityEngine.Debug:ExtractStackTraceNoAlloc (byte*,int,string)
UnityEngine.StackTraceUtility:ExtractStackTrace () (at /Users/bokken/build/output/unity/unity/Runtime/Export/Scripting/StackTrace.cs:35)
UnityEngine.DebugLogHandler:Internal_Log (UnityEngine.LogType,UnityEngine.LogOption,string,UnityEngine.Object)
UnityEngine.DebugLogHandler:LogFormat (UnityEngine.LogType,UnityEngine.Object,string,object[])
UnityEngine.Logger:Log (UnityEngine.LogType,object)
UnityEngine.Debug:Log (object)
YooAsset.Editor.BuildLogger:Log (string) (at ./Packages/YooAsset/Editor/AssetBundleBuilder/BuildSystem/BuildLogger.cs:68)
YooAsset.Editor.BuildRunner:Run (System.Collections.Generic.List`1<YooAsset.Editor.IBuildTask>,YooAsset.Editor.BuildContext) (at ./Packages/YooAsset/Editor/AssetBundleBuilder/BuildSystem/BuildRunner.cs:40)
YooAsset.Editor.AssetBundleBuilder:Run (YooAsset.Editor.BuildParameters,System.Collections.Generic.List`1<YooAsset.Editor.IBuildTask>,bool) (at ./Packages/YooAsset/Editor/AssetBundleBuilder/AssetBundleBuilder.cs:41)
YooAsset.Editor.ScriptableBuildPipeline:Run (YooAsset.Editor.BuildParameters,bool) (at ./Packages/YooAsset/Editor/AssetBundleBuilder/BuildPipeline/ScriptableBuildPipeline/ScriptableBuildPipeline.cs:14)
TEngine.ReleaseTools:BuildInternalWithConfig (TEngine.BuildConfig) (at Assets/TEngine/Editor/ReleaseTools/ReleaseTools.cs:212)
TEngine.ReleaseTools:BuildWithConfig (TEngine.BuildConfig,bool) (at Assets/TEngine/Editor/ReleaseTools/ReleaseTools.cs:132)
TEngine.ReleaseTools:AutomationBuildAndroid () (at Assets/TEngine/Editor/ReleaseTools/ReleaseTools.cs:97)

(Filename: ./Packages/YooAsset/Editor/AssetBundleBuilder/BuildSystem/BuildRunner.cs Line: 40)

Start making patch package: /Users/ray/projects/TEngine/UnityProject/Assets/../Bundles/Android/DefaultPackage/2026-07-28-1056
UnityEngine.Debug:ExtractStackTraceNoAlloc (byte*,int,string)
UnityEngine.StackTraceUtility:ExtractStackTrace () (at /Users/bokken/build/output/unity/unity/Runtime/Export/Scripting/StackTrace.cs:35)
UnityEngine.DebugLogHandler:Internal_Log (UnityEngine.LogType,UnityEngine.LogOption,string,UnityEngine.Object)
UnityEngine.DebugLogHandler:LogFormat (UnityEngine.LogType,UnityEngine.Object,string,object[])
UnityEngine.Logger:Log (UnityEngine.LogType,object)
UnityEngine.Debug:Log (object)
YooAsset.Editor.BuildLogger:Log (string) (at ./Packages/YooAsset/Editor/AssetBundleBuilder/BuildSystem/BuildLogger.cs:68)
YooAsset.Editor.TaskCreatePackage_SBP:CreatePackagePatch (YooAsset.Editor.BuildParametersContext,YooAsset.Editor.BuildMapContext) (at ./Packages/YooAsset/Editor/AssetBundleBuilder/BuildPipeline/ScriptableBuildPipeline/BuildTasks/TaskCreatePackage_SBP.cs:23)
YooAsset.Editor.TaskCreatePackage_SBP:YooAsset.Editor.IBuildTask.Run (YooAsset.Editor.BuildContext) (at ./Packages/YooAsset/Editor/AssetBundleBuilder/BuildPipeline/ScriptableBuildPipeline/BuildTasks/TaskCreatePackage_SBP.cs:12)
YooAsset.Editor.BuildRunner:Run (System.Collections.Generic.List`1<YooAsset.Editor.IBuildTask>,YooAsset.Editor.BuildContext) (at ./Packages/YooAsset/Editor/AssetBundleBuilder/BuildSystem/BuildRunner.cs:41)
YooAsset.Editor.AssetBundleBuilder:Run (YooAsset.Editor.BuildParameters,System.Collections.Generic.List`1<YooAsset.Editor.IBuildTask>,bool) (at ./Packages/YooAsset/Editor/AssetBundleBuilder/AssetBundleBuilder.cs:41)
YooAsset.Editor.ScriptableBuildPipeline:Run (YooAsset.Editor.BuildParameters,bool) (at ./Packages/YooAsset/Editor/AssetBundleBuilder/BuildPipeline/ScriptableBuildPipeline/ScriptableBuildPipeline.cs:14)
TEngine.ReleaseTools:BuildInternalWithConfig (TEngine.BuildConfig) (at Assets/TEngine/Editor/ReleaseTools/ReleaseTools.cs:212)
TEngine.ReleaseTools:BuildWithConfig (TEngine.BuildConfig,bool) (at Assets/TEngine/Editor/ReleaseTools/ReleaseTools.cs:132)
TEngine.ReleaseTools:AutomationBuildAndroid () (at Assets/TEngine/Editor/ReleaseTools/ReleaseTools.cs:97)

(Filename: ./Packages/YooAsset/Editor/AssetBundleBuilder/BuildPipeline/ScriptableBuildPipeline/BuildTasks/TaskCreatePackage_SBP.cs Line: 23)

DisplayProgressbar: 进度
TaskCreatePackage It takes 0 seconds in total
UnityEngine.Debug:ExtractStackTraceNoAlloc (byte*,int,string)
UnityEngine.StackTraceUtility:ExtractStackTrace () (at /Users/bokken/build/output/unity/unity/Runtime/Export/Scripting/StackTrace.cs:35)
UnityEngine.DebugLogHandler:Internal_Log (UnityEngine.LogType,UnityEngine.LogOption,string,UnityEngine.Object)
UnityEngine.DebugLogHandler:LogFormat (UnityEngine.LogType,UnityEngine.Object,string,object[])
UnityEngine.Logger:Log (UnityEngine.LogType,object)
UnityEngine.Debug:Log (object)
YooAsset.Editor.BuildLogger:Log (string) (at ./Packages/YooAsset/Editor/AssetBundleBuilder/BuildSystem/BuildLogger.cs:68)
YooAsset.Editor.BuildRunner:Run (System.Collections.Generic.List`1<YooAsset.Editor.IBuildTask>,YooAsset.Editor.BuildContext) (at ./Packages/YooAsset/Editor/AssetBundleBuilder/BuildSystem/BuildRunner.cs:47)
YooAsset.Editor.AssetBundleBuilder:Run (YooAsset.Editor.BuildParameters,System.Collections.Generic.List`1<YooAsset.Editor.IBuildTask>,bool) (at ./Packages/YooAsset/Editor/AssetBundleBuilder/AssetBundleBuilder.cs:41)
YooAsset.Editor.ScriptableBuildPipeline:Run (YooAsset.Editor.BuildParameters,bool) (at ./Packages/YooAsset/Editor/AssetBundleBuilder/BuildPipeline/ScriptableBuildPipeline/ScriptableBuildPipeline.cs:14)
TEngine.ReleaseTools:BuildInternalWithConfig (TEngine.BuildConfig) (at Assets/TEngine/Editor/ReleaseTools/ReleaseTools.cs:212)
TEngine.ReleaseTools:BuildWithConfig (TEngine.BuildConfig,bool) (at Assets/TEngine/Editor/ReleaseTools/ReleaseTools.cs:132)
TEngine.ReleaseTools:AutomationBuildAndroid () (at Assets/TEngine/Editor/ReleaseTools/ReleaseTools.cs:97)

(Filename: ./Packages/YooAsset/Editor/AssetBundleBuilder/BuildSystem/BuildRunner.cs Line: 47)

--------------------------------------------->TaskCopyBuildinFiles<--------------------------------------------
UnityEngine.Debug:ExtractStackTraceNoAlloc (byte*,int,string)
UnityEngine.StackTraceUtility:ExtractStackTrace () (at /Users/bokken/build/output/unity/unity/Runtime/Export/Scripting/StackTrace.cs:35)
UnityEngine.DebugLogHandler:Internal_Log (UnityEngine.LogType,UnityEngine.LogOption,string,UnityEngine.Object)
UnityEngine.DebugLogHandler:LogFormat (UnityEngine.LogType,UnityEngine.Object,string,object[])
UnityEngine.Logger:Log (UnityEngine.LogType,object)
UnityEngine.Debug:Log (object)
YooAsset.Editor.BuildLogger:Log (string) (at ./Packages/YooAsset/Editor/AssetBundleBuilder/BuildSystem/BuildLogger.cs:68)
YooAsset.Editor.BuildRunner:Run (System.Collections.Generic.List`1<YooAsset.Editor.IBuildTask>,YooAsset.Editor.BuildContext) (at ./Packages/YooAsset/Editor/AssetBundleBuilder/BuildSystem/BuildRunner.cs:40)
YooAsset.Editor.AssetBundleBuilder:Run (YooAsset.Editor.BuildParameters,System.Collections.Generic.List`1<YooAsset.Editor.IBuildTask>,bool) (at ./Packages/YooAsset/Editor/AssetBundleBuilder/AssetBundleBuilder.cs:41)
YooAsset.Editor.ScriptableBuildPipeline:Run (YooAsset.Editor.BuildParameters,bool) (at ./Packages/YooAsset/Editor/AssetBundleBuilder/BuildPipeline/ScriptableBuildPipeline/ScriptableBuildPipeline.cs:14)
TEngine.ReleaseTools:BuildInternalWithConfig (TEngine.BuildConfig) (at Assets/TEngine/Editor/ReleaseTools/ReleaseTools.cs:212)
TEngine.ReleaseTools:BuildWithConfig (TEngine.BuildConfig,bool) (at Assets/TEngine/Editor/ReleaseTools/ReleaseTools.cs:132)
TEngine.ReleaseTools:AutomationBuildAndroid () (at Assets/TEngine/Editor/ReleaseTools/ReleaseTools.cs:97)

(Filename: ./Packages/YooAsset/Editor/AssetBundleBuilder/BuildSystem/BuildRunner.cs Line: 40)

Start importing Assets/StreamingAssets/package using Guid(7b13687ef4fe94962a79a3084a39101b) (DefaultImporter) -> (artifact id: 'e4b73d531b73b3007f64b1a5536e1042') in 0.000778084 seconds
Start importing Assets/StreamingAssets/package/DefaultPackage using Guid(e643a1b4980044f818688f554277b609) (DefaultImporter) -> (artifact id: 'a3b776be14f3b601b4e8d40dc79acf6c') in 0.000349084 seconds
Start importing Assets/StreamingAssets/package/DefaultPackage/defaultpackage_assets_assetraw_uitoolkit_style_betdialogstyle_4084e9cd49a86695a4843de501850d07.bundle using Guid(00eb32885dcf24bd0a4ccee61b4f213f) (DefaultImporter) -> (artifact id: 'adb82255f38f577ce586df263216361a') in 0.211562333 seconds
Start importing Assets/StreamingAssets/package/DefaultPackage/defaultpackage_assets_assetraw_ui_battlemainui_6092708f965015474ee9ca88829c408a.bundle using Guid(90c30c9576f4744b096d645accd93e84) (DefaultImporter) -> (artifact id: 'aa1485cb53e4c6ff452f24b735f1c930') in 0.000994541 seconds
Start importing Assets/StreamingAssets/package/DefaultPackage/DefaultPackage_2026-07-28-1056.hash using Guid(f1ad780789ad04272856a8f77cc28ed9) (DefaultImporter) -> (artifact id: '0aef1c7d2d29b1ac4df66a5997cb57b3') in 0.4104035 seconds
Start importing Assets/StreamingAssets/package/DefaultPackage/defaultpackage_assets_assetraw_configs_c57b09e56d20c95fe80abc3982506306.bundle using Guid(52bd6effcd28e4227ae614de90a38650) (DefaultImporter) -> (artifact id: '0740a161a5a1aac26de4aaf3025b8790') in 0.000919334 seconds
Start importing Assets/StreamingAssets/package/DefaultPackage/defaultpackage_unityshaders_a85b6240e8a98b9febcd0e3c2ea362b6.bundle using Guid(05e4b8913412f4e04b831f5d564a8004) (DefaultImporter) -> (artifact id: 'aa574302f94241421e04ad50801d0514') in 0.000569083 seconds
Start importing Assets/StreamingAssets/package/DefaultPackage/defaultpackage_assets_assetraw_configs_bytes_0c0885b92844c84ee0634c6b311b49b6.bundle using Guid(75991f9e9adbe48978c1fbde46c4d462) (DefaultImporter) -> (artifact id: '6d5433da791f283faee12b3abf6ad14c') in 0.000485375 seconds
Start importing Assets/StreamingAssets/package/DefaultPackage/DefaultPackage_2026-07-28-1056.bytes using Guid(958a5035f9c664abda842cf1aecf5d92) (DefaultImporter) -> (artifact id: '265351444a0c9544c2d01cb96dddf334') in 0.0175615 seconds
Start importing Assets/StreamingAssets/package/DefaultPackage/defaultpackage_assets_assetraw_ui_testui_2eaa024704a9f54c23acfe5ad0eb861c.bundle using Guid(a7389fd818ac14979ab55c6811c5efed) (DefaultImporter) -> (artifact id: 'eeb4c301cbcaca74b0da9a6dde8f799a') in 0.000882291 seconds
Start importing Assets/StreamingAssets/package/DefaultPackage/defaultpackage_assets_assetraw_uitoolkit_layout_betdialog_10673721371393d5461353063e287c75.bundle using Guid(b77c40c8c2c0e44c7bc09a7c9a61a1f1) (DefaultImporter) -> (artifact id: 'd4d5e77a0fa003bdd4d62996032f7be1') in 0.000635833 seconds
Start importing Assets/StreamingAssets/package/DefaultPackage/defaultpackage_assets_assetraw_uitoolkit_style_welcomestyle_d833a8f7614208bea028de21f1c1d375.bundle using Guid(2a103b187e60a46e8aefe9aa6c010ae7) (DefaultImporter) -> (artifact id: 'a60f6e00a42a13fdfb2bef22424e643d') in 0.000575792 seconds
Start importing Assets/StreamingAssets/package/DefaultPackage/defaultpackage_assets_assetraw_actor_9a082bcee378102a3d62e644fcea2ec7.bundle using Guid(4ad72ca32f3024544aee3307ee1cdf0b) (DefaultImporter) -> (artifact id: '208a755266e1c7e855fc7fb444598695') in 0.000564292 seconds
Start importing Assets/StreamingAssets/package/DefaultPackage/defaultpackage_assets_assetraw_uitoolkit_layout_welcomescreen_ce09622d030d81b05859b198d82c10a4.bundle using Guid(aa379b9c6398d4d1bb66b8bd4a5219b5) (DefaultImporter) -> (artifact id: 'f4489ecfed41ec232a94026f5b7dd1ff') in 0.00054825 seconds
Start importing Assets/StreamingAssets/package/DefaultPackage/defaultpackage_assets_assetraw_dll_1789cbd92623fde3d6b7b5b6d031b03e.bundle using Guid(0c41feb541c5f4e3084420ca5ffae31b) (DefaultImporter) -> (artifact id: 'd40593f5fecaa44c8457f5602136d350') in 0.000609375 seconds
Start importing Assets/StreamingAssets/package/DefaultPackage/defaultpackage_assets_assetraw_ui_loginui_c714aa240da16c86f2ebc715e82a67aa.bundle using Guid(7c8d01f391dde432bbae76f8e742dfb9) (DefaultImporter) -> (artifact id: 'e3e3170afaf905cb2a45bcb298465203') in 0.000541334 seconds
Start importing Assets/StreamingAssets/package/DefaultPackage/DefaultPackage.version using Guid(8eeb37ac814a1473e82265393fe6ab03) (DefaultImporter) -> (artifact id: '96414f69a68001f8eef8add070e7bd36') in 0.016983375 seconds
Start importing Assets/StreamingAssets/package/DefaultPackage/defaultpackage_assets_assetraw_uiraw_atlas_battle_4ad8f0bad7ff2dc5a02985f58d6a807f.bundle using Guid(cea132012e52444e2b545edecc1d9fd8) (DefaultImporter) -> (artifact id: '828c35cc39e4218a0440f2cb5594aa94') in 0.000762916 seconds
DisplayProgressbar: 处理图集资源
Refreshing native plugins compatible for Editor in 0.16 ms, found 1 plugins.
Preloading 0 native plugins for Editor in 0.00 ms.
Asset Pipeline Refresh (id=d788ae5a75b8845afb9774a4fadaecfd): Total: 0.776 seconds - Initiated by RefreshV2(NoUpdateAssetOptions)
	Summary:
		Imports: total=18 (actual=18, local cache=0, cache server=0)
		Asset DB Process Time: managed=0 ms, native=760 ms
		Asset DB Callback time: managed=12 ms, native=2 ms
		Scripting: domain reloads=0, domain reload time=0 ms, compile time=0 ms, other=0 ms
		Project Asset Count: scripts=1238, non-scripts=1203
		Asset File Changes: new=18, changed=18, moved=0, deleted=0
		Scan Filter Count: 1
	InvokeCustomDependenciesCallbacks: 0.000ms
	ApplyChangesToAssetFolders: 0.077ms
	Scan: 84.850ms
	OnSourceAssetsModified: 0.052ms
	CategorizeAssetsWithTransientArtifact: 0.017ms
	ProcessAssetsWithTransientArtifactChanges: 0.049ms
	CategorizeAssets: 1.161ms
	ImportOutOfDateAssets: 672.931ms (0.159ms without children)
		ImportManagerImport: 672.333ms (0.408ms without children)
			ImportInProcess: 671.848ms
			UpdateCategorizedAssets: 0.077ms
		ReloadNativeAssets: 0.004ms
		UnloadImportedAssets: 0.074ms
		ReloadImportedAssets: 0.001ms
		EnsureUptoDateAssetsAreRegisteredWithGuidPM: 0.174ms
		InitializingProgressBar: 0.001ms
		PostProcessAllAssetNotificationsAddChangedAssets: 0.000ms
		OnDemandSchedulerStart: 0.186ms
	PostProcessAllAssets: 2.083ms
	Hotreload: 12.634ms
	GatherAllCurrentPrimaryArtifactRevisions: 0.075ms
	UnloadStreamsBegin: 0.001ms
	PersistCurrentRevisions: 0.088ms
	UnloadStreamsEnd: 0.000ms
	Untracked: 2.084ms

Buildin files copy complete: /Users/ray/projects/TEngine/UnityProject/Assets/StreamingAssets/package/DefaultPackage
UnityEngine.Debug:ExtractStackTraceNoAlloc (byte*,int,string)
UnityEngine.StackTraceUtility:ExtractStackTrace () (at /Users/bokken/build/output/unity/unity/Runtime/Export/Scripting/StackTrace.cs:35)
UnityEngine.DebugLogHandler:Internal_Log (UnityEngine.LogType,UnityEngine.LogOption,string,UnityEngine.Object)
UnityEngine.DebugLogHandler:LogFormat (UnityEngine.LogType,UnityEngine.Object,string,object[])
UnityEngine.Logger:Log (UnityEngine.LogType,object)
UnityEngine.Debug:Log (object)
YooAsset.Editor.BuildLogger:Log (string) (at ./Packages/YooAsset/Editor/AssetBundleBuilder/BuildSystem/BuildLogger.cs:68)
YooAsset.Editor.TaskCopyBuildinFiles:CopyBuildinFilesToStreaming (YooAsset.Editor.BuildParametersContext,YooAsset.PackageManifest) (at ./Packages/YooAsset/Editor/AssetBundleBuilder/BuildPipeline/BaseTasks/TaskCopyBuildinFiles.cs:79)
YooAsset.Editor.TaskCopyBuildinFiles_SBP:YooAsset.Editor.IBuildTask.Run (YooAsset.Editor.BuildContext) (at ./Packages/YooAsset/Editor/AssetBundleBuilder/BuildPipeline/ScriptableBuildPipeline/BuildTasks/TaskCopyBuildinFiles_SBP.cs:17)
YooAsset.Editor.BuildRunner:Run (System.Collections.Generic.List`1<YooAsset.Editor.IBuildTask>,YooAsset.Editor.BuildContext) (at ./Packages/YooAsset/Editor/AssetBundleBuilder/BuildSystem/BuildRunner.cs:41)
YooAsset.Editor.AssetBundleBuilder:Run (YooAsset.Editor.BuildParameters,System.Collections.Generic.List`1<YooAsset.Editor.IBuildTask>,bool) (at ./Packages/YooAsset/Editor/AssetBundleBuilder/AssetBundleBuilder.cs:41)
YooAsset.Editor.ScriptableBuildPipeline:Run (YooAsset.Editor.BuildParameters,bool) (at ./Packages/YooAsset/Editor/AssetBundleBuilder/BuildPipeline/ScriptableBuildPipeline/ScriptableBuildPipeline.cs:14)
TEngine.ReleaseTools:BuildInternalWithConfig (TEngine.BuildConfig) (at Assets/TEngine/Editor/ReleaseTools/ReleaseTools.cs:212)
TEngine.ReleaseTools:BuildWithConfig (TEngine.BuildConfig,bool) (at Assets/TEngine/Editor/ReleaseTools/ReleaseTools.cs:132)
TEngine.ReleaseTools:AutomationBuildAndroid () (at Assets/TEngine/Editor/ReleaseTools/ReleaseTools.cs:97)

(Filename: ./Packages/YooAsset/Editor/AssetBundleBuilder/BuildPipeline/BaseTasks/TaskCopyBuildinFiles.cs Line: 79)

TaskCopyBuildinFiles It takes 0 seconds in total
UnityEngine.Debug:ExtractStackTraceNoAlloc (byte*,int,string)
UnityEngine.StackTraceUtility:ExtractStackTrace () (at /Users/bokken/build/output/unity/unity/Runtime/Export/Scripting/StackTrace.cs:35)
UnityEngine.DebugLogHandler:Internal_Log (UnityEngine.LogType,UnityEngine.LogOption,string,UnityEngine.Object)
UnityEngine.DebugLogHandler:LogFormat (UnityEngine.LogType,UnityEngine.Object,string,object[])
UnityEngine.Logger:Log (UnityEngine.LogType,object)
UnityEngine.Debug:Log (object)
YooAsset.Editor.BuildLogger:Log (string) (at ./Packages/YooAsset/Editor/AssetBundleBuilder/BuildSystem/BuildLogger.cs:68)
YooAsset.Editor.BuildRunner:Run (System.Collections.Generic.List`1<YooAsset.Editor.IBuildTask>,YooAsset.Editor.BuildContext) (at ./Packages/YooAsset/Editor/AssetBundleBuilder/BuildSystem/BuildRunner.cs:47)
YooAsset.Editor.AssetBundleBuilder:Run (YooAsset.Editor.BuildParameters,System.Collections.Generic.List`1<YooAsset.Editor.IBuildTask>,bool) (at ./Packages/YooAsset/Editor/AssetBundleBuilder/AssetBundleBuilder.cs:41)
YooAsset.Editor.ScriptableBuildPipeline:Run (YooAsset.Editor.BuildParameters,bool) (at ./Packages/YooAsset/Editor/AssetBundleBuilder/BuildPipeline/ScriptableBuildPipeline/ScriptableBuildPipeline.cs:14)
TEngine.ReleaseTools:BuildInternalWithConfig (TEngine.BuildConfig) (at Assets/TEngine/Editor/ReleaseTools/ReleaseTools.cs:212)
TEngine.ReleaseTools:BuildWithConfig (TEngine.BuildConfig,bool) (at Assets/TEngine/Editor/ReleaseTools/ReleaseTools.cs:132)
TEngine.ReleaseTools:AutomationBuildAndroid () (at Assets/TEngine/Editor/ReleaseTools/ReleaseTools.cs:97)

(Filename: ./Packages/YooAsset/Editor/AssetBundleBuilder/BuildSystem/BuildRunner.cs Line: 47)

--------------------------------------------->TaskCreateCatalog<--------------------------------------------
UnityEngine.Debug:ExtractStackTraceNoAlloc (byte*,int,string)
UnityEngine.StackTraceUtility:ExtractStackTrace () (at /Users/bokken/build/output/unity/unity/Runtime/Export/Scripting/StackTrace.cs:35)
UnityEngine.DebugLogHandler:Internal_Log (UnityEngine.LogType,UnityEngine.LogOption,string,UnityEngine.Object)
UnityEngine.DebugLogHandler:LogFormat (UnityEngine.LogType,UnityEngine.Object,string,object[])
UnityEngine.Logger:Log (UnityEngine.LogType,object)
UnityEngine.Debug:Log (object)
YooAsset.Editor.BuildLogger:Log (string) (at ./Packages/YooAsset/Editor/AssetBundleBuilder/BuildSystem/BuildLogger.cs:68)
YooAsset.Editor.BuildRunner:Run (System.Collections.Generic.List`1<YooAsset.Editor.IBuildTask>,YooAsset.Editor.BuildContext) (at ./Packages/YooAsset/Editor/AssetBundleBuilder/BuildSystem/BuildRunner.cs:40)
YooAsset.Editor.AssetBundleBuilder:Run (YooAsset.Editor.BuildParameters,System.Collections.Generic.List`1<YooAsset.Editor.IBuildTask>,bool) (at ./Packages/YooAsset/Editor/AssetBundleBuilder/AssetBundleBuilder.cs:41)
YooAsset.Editor.ScriptableBuildPipeline:Run (YooAsset.Editor.BuildParameters,bool) (at ./Packages/YooAsset/Editor/AssetBundleBuilder/BuildPipeline/ScriptableBuildPipeline/ScriptableBuildPipeline.cs:14)
TEngine.ReleaseTools:BuildInternalWithConfig (TEngine.BuildConfig) (at Assets/TEngine/Editor/ReleaseTools/ReleaseTools.cs:212)
TEngine.ReleaseTools:BuildWithConfig (TEngine.BuildConfig,bool) (at Assets/TEngine/Editor/ReleaseTools/ReleaseTools.cs:132)
TEngine.ReleaseTools:AutomationBuildAndroid () (at Assets/TEngine/Editor/ReleaseTools/ReleaseTools.cs:97)

(Filename: ./Packages/YooAsset/Editor/AssetBundleBuilder/BuildSystem/BuildRunner.cs Line: 40)

Start importing Assets/StreamingAssets/package/DefaultPackage/BuildinCatalog.bytes using Guid(23ef9734bad78479cb949c5ea674a6f2) (DefaultImporter) -> (artifact id: 'e492528f04bc38f22e854981dd7e4796') in 0.000952042 seconds
Start importing Assets/StreamingAssets/package/DefaultPackage/BuildinCatalog.json using Guid(d3a29e4492a7c4d659ba0f9f86f15edb) (DefaultImporter) -> (artifact id: '2aaf731eba8f5063508ef70ea766e0a9') in 0.544405417 seconds
Refreshing native plugins compatible for Editor in 0.24 ms, found 1 plugins.
Preloading 0 native plugins for Editor in 0.00 ms.
Asset Pipeline Refresh (id=dcb7b4ca0b456498593c4a2dfbcb3dda): Total: 0.717 seconds - Initiated by RefreshV2(NoUpdateAssetOptions)
	Summary:
		Imports: total=2 (actual=2, local cache=0, cache server=0)
		Asset DB Process Time: managed=0 ms, native=596 ms
		Asset DB Callback time: managed=117 ms, native=2 ms
		Scripting: domain reloads=0, domain reload time=0 ms, compile time=0 ms, other=0 ms
		Project Asset Count: scripts=1238, non-scripts=1205
		Asset File Changes: new=2, changed=2, moved=0, deleted=0
		Scan Filter Count: 1
	InvokeCustomDependenciesCallbacks: 0.000ms
	InvokePackagesCallback: 0.000ms
	ApplyChangesToAssetFolders: 0.058ms
	Scan: 47.210ms
	OnSourceAssetsModified: 0.027ms
	CategorizeAssetsWithTransientArtifact: 0.003ms
	ProcessAssetsWithTransientArtifactChanges: 0.011ms
	CategorizeAssets: 0.924ms
	ImportOutOfDateAssets: 547.490ms (0.123ms without children)
		ImportManagerImport: 546.862ms (0.148ms without children)
			ImportInProcess: 546.695ms
			UpdateCategorizedAssets: 0.019ms
		ReloadNativeAssets: 0.005ms
		UnloadImportedAssets: 0.070ms
		ReloadImportedAssets: 0.000ms
		EnsureUptoDateAssetsAreRegisteredWithGuidPM: 0.161ms
		InitializingProgressBar: 0.003ms
		PostProcessAllAssetNotificationsAddChangedAssets: 0.000ms
		OnDemandSchedulerStart: 0.266ms
	PostProcessAllAssets: 99.715ms
	Hotreload: 20.471ms
	GatherAllCurrentPrimaryArtifactRevisions: 0.076ms
	UnloadStreamsBegin: 0.001ms
	PersistCurrentRevisions: 0.090ms
	UnloadStreamsEnd: 0.001ms
	Untracked: 0.921ms

Succeed to save catalog file : /Users/ray/projects/TEngine/UnityProject/Assets/StreamingAssets/package/DefaultPackage/BuildinCatalog.bytes
UnityEngine.Debug:ExtractStackTraceNoAlloc (byte*,int,string)
UnityEngine.StackTraceUtility:ExtractStackTrace () (at /Users/bokken/build/output/unity/unity/Runtime/Export/Scripting/StackTrace.cs:35)
UnityEngine.DebugLogHandler:Internal_Log (UnityEngine.LogType,UnityEngine.LogOption,string,UnityEngine.Object)
UnityEngine.DebugLogHandler:LogFormat (UnityEngine.LogType,UnityEngine.Object,string,object[])
UnityEngine.Logger:Log (UnityEngine.LogType,object)
UnityEngine.Debug:Log (object)
YooAsset.CatalogTools:CreateCatalogFile (YooAsset.IManifestRestoreServices,string,string) (at ./Packages/YooAsset/Runtime/FileSystem/DefaultBuildinFileSystem/CatalogTools.cs:118)
YooAsset.Editor.TaskCreateCatalog:CreateCatalogFile (YooAsset.Editor.BuildParametersContext) (at ./Packages/YooAsset/Editor/AssetBundleBuilder/BuildPipeline/BaseTasks/TaskCreateCatalog.cs:18)
YooAsset.Editor.TaskCreateCatalog_SBP:YooAsset.Editor.IBuildTask.Run (YooAsset.Editor.BuildContext) (at ./Packages/YooAsset/Editor/AssetBundleBuilder/BuildPipeline/ScriptableBuildPipeline/BuildTasks/TaskCreateCatalog_SBP.cs:16)
YooAsset.Editor.BuildRunner:Run (System.Collections.Generic.List`1<YooAsset.Editor.IBuildTask>,YooAsset.Editor.BuildContext) (at ./Packages/YooAsset/Editor/AssetBundleBuilder/BuildSystem/BuildRunner.cs:41)
YooAsset.Editor.AssetBundleBuilder:Run (YooAsset.Editor.BuildParameters,System.Collections.Generic.List`1<YooAsset.Editor.IBuildTask>,bool) (at ./Packages/YooAsset/Editor/AssetBundleBuilder/AssetBundleBuilder.cs:41)
YooAsset.Editor.ScriptableBuildPipeline:Run (YooAsset.Editor.BuildParameters,bool) (at ./Packages/YooAsset/Editor/AssetBundleBuilder/BuildPipeline/ScriptableBuildPipeline/ScriptableBuildPipeline.cs:14)
TEngine.ReleaseTools:BuildInternalWithConfig (TEngine.BuildConfig) (at Assets/TEngine/Editor/ReleaseTools/ReleaseTools.cs:212)
TEngine.ReleaseTools:BuildWithConfig (TEngine.BuildConfig,bool) (at Assets/TEngine/Editor/ReleaseTools/ReleaseTools.cs:132)
TEngine.ReleaseTools:AutomationBuildAndroid () (at Assets/TEngine/Editor/ReleaseTools/ReleaseTools.cs:97)

(Filename: ./Packages/YooAsset/Runtime/FileSystem/DefaultBuildinFileSystem/CatalogTools.cs Line: 118)

Asset Pipeline Refresh (id=47749dd795672417a91b4a1f272337cf): Total: 0.067 seconds - Initiated by RefreshV2(NoUpdateAssetOptions)
TaskCreateCatalog It takes 0 seconds in total
UnityEngine.Debug:ExtractStackTraceNoAlloc (byte*,int,string)
UnityEngine.StackTraceUtility:ExtractStackTrace () (at /Users/bokken/build/output/unity/unity/Runtime/Export/Scripting/StackTrace.cs:35)
UnityEngine.DebugLogHandler:Internal_Log (UnityEngine.LogType,UnityEngine.LogOption,string,UnityEngine.Object)
UnityEngine.DebugLogHandler:LogFormat (UnityEngine.LogType,UnityEngine.Object,string,object[])
UnityEngine.Logger:Log (UnityEngine.LogType,object)
UnityEngine.Debug:Log (object)
YooAsset.Editor.BuildLogger:Log (string) (at ./Packages/YooAsset/Editor/AssetBundleBuilder/BuildSystem/BuildLogger.cs:68)
YooAsset.Editor.BuildRunner:Run (System.Collections.Generic.List`1<YooAsset.Editor.IBuildTask>,YooAsset.Editor.BuildContext) (at ./Packages/YooAsset/Editor/AssetBundleBuilder/BuildSystem/BuildRunner.cs:47)
YooAsset.Editor.AssetBundleBuilder:Run (YooAsset.Editor.BuildParameters,System.Collections.Generic.List`1<YooAsset.Editor.IBuildTask>,bool) (at ./Packages/YooAsset/Editor/AssetBundleBuilder/AssetBundleBuilder.cs:41)
YooAsset.Editor.ScriptableBuildPipeline:Run (YooAsset.Editor.BuildParameters,bool) (at ./Packages/YooAsset/Editor/AssetBundleBuilder/BuildPipeline/ScriptableBuildPipeline/ScriptableBuildPipeline.cs:14)
TEngine.ReleaseTools:BuildInternalWithConfig (TEngine.BuildConfig) (at Assets/TEngine/Editor/ReleaseTools/ReleaseTools.cs:212)
TEngine.ReleaseTools:BuildWithConfig (TEngine.BuildConfig,bool) (at Assets/TEngine/Editor/ReleaseTools/ReleaseTools.cs:132)
TEngine.ReleaseTools:AutomationBuildAndroid () (at Assets/TEngine/Editor/ReleaseTools/ReleaseTools.cs:97)

(Filename: ./Packages/YooAsset/Editor/AssetBundleBuilder/BuildSystem/BuildRunner.cs Line: 47)

Total build process time: 2 seconds
UnityEngine.Debug:ExtractStackTraceNoAlloc (byte*,int,string)
UnityEngine.StackTraceUtility:ExtractStackTrace () (at /Users/bokken/build/output/unity/unity/Runtime/Export/Scripting/StackTrace.cs:35)
UnityEngine.DebugLogHandler:Internal_Log (UnityEngine.LogType,UnityEngine.LogOption,string,UnityEngine.Object)
UnityEngine.DebugLogHandler:LogFormat (UnityEngine.LogType,UnityEngine.Object,string,object[])
UnityEngine.Logger:Log (UnityEngine.LogType,object)
UnityEngine.Debug:Log (object)
YooAsset.Editor.BuildLogger:Log (string) (at ./Packages/YooAsset/Editor/AssetBundleBuilder/BuildSystem/BuildLogger.cs:68)
YooAsset.Editor.BuildRunner:Run (System.Collections.Generic.List`1<YooAsset.Editor.IBuildTask>,YooAsset.Editor.BuildContext) (at ./Packages/YooAsset/Editor/AssetBundleBuilder/BuildSystem/BuildRunner.cs:61)
YooAsset.Editor.AssetBundleBuilder:Run (YooAsset.Editor.BuildParameters,System.Collections.Generic.List`1<YooAsset.Editor.IBuildTask>,bool) (at ./Packages/YooAsset/Editor/AssetBundleBuilder/AssetBundleBuilder.cs:41)
YooAsset.Editor.ScriptableBuildPipeline:Run (YooAsset.Editor.BuildParameters,bool) (at ./Packages/YooAsset/Editor/AssetBundleBuilder/BuildPipeline/ScriptableBuildPipeline/ScriptableBuildPipeline.cs:14)
TEngine.ReleaseTools:BuildInternalWithConfig (TEngine.BuildConfig) (at Assets/TEngine/Editor/ReleaseTools/ReleaseTools.cs:212)
TEngine.ReleaseTools:BuildWithConfig (TEngine.BuildConfig,bool) (at Assets/TEngine/Editor/ReleaseTools/ReleaseTools.cs:132)
TEngine.ReleaseTools:AutomationBuildAndroid () (at Assets/TEngine/Editor/ReleaseTools/ReleaseTools.cs:97)

(Filename: ./Packages/YooAsset/Editor/AssetBundleBuilder/BuildSystem/BuildRunner.cs Line: 61)

Resource pipeline build success
UnityEngine.Debug:ExtractStackTraceNoAlloc (byte*,int,string)
UnityEngine.StackTraceUtility:ExtractStackTrace () (at /Users/bokken/build/output/unity/unity/Runtime/Export/Scripting/StackTrace.cs:35)
UnityEngine.DebugLogHandler:Internal_Log (UnityEngine.LogType,UnityEngine.LogOption,string,UnityEngine.Object)
UnityEngine.DebugLogHandler:LogFormat (UnityEngine.LogType,UnityEngine.Object,string,object[])
UnityEngine.Logger:Log (UnityEngine.LogType,object)
UnityEngine.Debug:Log (object)
YooAsset.Editor.BuildLogger:Log (string) (at ./Packages/YooAsset/Editor/AssetBundleBuilder/BuildSystem/BuildLogger.cs:68)
YooAsset.Editor.AssetBundleBuilder:Run (YooAsset.Editor.BuildParameters,System.Collections.Generic.List`1<YooAsset.Editor.IBuildTask>,bool) (at ./Packages/YooAsset/Editor/AssetBundleBuilder/AssetBundleBuilder.cs:45)
YooAsset.Editor.ScriptableBuildPipeline:Run (YooAsset.Editor.BuildParameters,bool) (at ./Packages/YooAsset/Editor/AssetBundleBuilder/BuildPipeline/ScriptableBuildPipeline/ScriptableBuildPipeline.cs:14)
TEngine.ReleaseTools:BuildInternalWithConfig (TEngine.BuildConfig) (at Assets/TEngine/Editor/ReleaseTools/ReleaseTools.cs:212)
TEngine.ReleaseTools:BuildWithConfig (TEngine.BuildConfig,bool) (at Assets/TEngine/Editor/ReleaseTools/ReleaseTools.cs:132)
TEngine.ReleaseTools:AutomationBuildAndroid () (at Assets/TEngine/Editor/ReleaseTools/ReleaseTools.cs:97)

(Filename: ./Packages/YooAsset/Editor/AssetBundleBuilder/AssetBundleBuilder.cs Line: 45)

[BuildWithConfig] AssetBundle构建成功: /Users/ray/projects/TEngine/UnityProject/Assets/../Bundles/Android/DefaultPackage/2026-07-28-1056
UnityEngine.Debug:ExtractStackTraceNoAlloc (byte*,int,string)
UnityEngine.StackTraceUtility:ExtractStackTrace () (at /Users/bokken/build/output/unity/unity/Runtime/Export/Scripting/StackTrace.cs:35)
UnityEngine.DebugLogHandler:Internal_Log (UnityEngine.LogType,UnityEngine.LogOption,string,UnityEngine.Object)
UnityEngine.DebugLogHandler:LogFormat (UnityEngine.LogType,UnityEngine.Object,string,object[])
UnityEngine.Logger:Log (UnityEngine.LogType,object)
UnityEngine.Debug:Log (object)
TEngine.ReleaseTools:BuildWithConfig (TEngine.BuildConfig,bool) (at Assets/TEngine/Editor/ReleaseTools/ReleaseTools.cs:139)
TEngine.ReleaseTools:AutomationBuildAndroid () (at Assets/TEngine/Editor/ReleaseTools/ReleaseTools.cs:97)

(Filename: Assets/TEngine/Editor/ReleaseTools/ReleaseTools.cs Line: 139)

Asset Pipeline Refresh (id=7149fc2da8ccd4d4ab0724189a4c5e35): Total: 0.062 seconds - Initiated by RefreshV2(NoUpdateAssetOptions)
Asset Pipeline Refresh (id=a05aa1efd4adf4e43bb87d1b85953ee1): Total: 0.055 seconds - Initiated by RefreshV2(NoUpdateAssetOptions)
Begin to create catalog file !
UnityEngine.Debug:ExtractStackTraceNoAlloc (byte*,int,string)
UnityEngine.StackTraceUtility:ExtractStackTrace () (at /Users/bokken/build/output/unity/unity/Runtime/Export/Scripting/StackTrace.cs:35)
UnityEngine.DebugLogHandler:Internal_Log (UnityEngine.LogType,UnityEngine.LogOption,string,UnityEngine.Object)
UnityEngine.DebugLogHandler:LogFormat (UnityEngine.LogType,UnityEngine.Object,string,object[])
UnityEngine.Logger:Log (UnityEngine.LogType,object)
UnityEngine.Debug:Log (object)
YooAsset.YooLogger:Log (string) (at ./Packages/YooAsset/Runtime/Utility/YooLogger.cs:32)
YooAsset.PreprocessBuildCatalog:OnPreprocessBuild (UnityEditor.Build.Reporting.BuildReport) (at ./Packages/YooAsset/EditorExtension/PreprocessBuild/PreprocessBuildCatalog.cs:17)
UnityEditor.Build.BuildPipelineInterfaces/<>c__DisplayClass17_0:<OnBuildPreProcess>b__1 (UnityEditor.Build.IPreprocessBuildWithReport) (at /Users/bokken/build/output/unity/unity/Editor/Mono/BuildPipeline/BuildPipelineInterfaces.cs:526)
UnityEditor.Build.BuildPipelineInterfaces:InvokeCallbackInterfacesPair<UnityEditor.Build.IPreprocessBuild, UnityEditor.Build.IPreprocessBuildWithReport> (System.Collections.Generic.List`1<UnityEditor.Build.IPreprocessBuild>,System.Action`1<UnityEditor.Build.IPreprocessBuild>,System.Collections.Generic.List`1<UnityEditor.Build.IPreprocessBuildWithReport>,System.Action`1<UnityEditor.Build.IPreprocessBuildWithReport>,bool) (at /Users/bokken/build/output/unity/unity/Editor/Mono/BuildPipeline/BuildPipelineInterfaces.cs:492)
UnityEditor.Build.BuildPipelineInterfaces:OnBuildPreProcess (UnityEditor.Build.Reporting.BuildReport) (at /Users/bokken/build/output/unity/unity/Editor/Mono/BuildPipeline/BuildPipelineInterfaces.cs:524)
UnityEditor.BuildPipeline:BuildPlayerInternalNoCheck (string[],string,string,UnityEditor.BuildTargetGroup,UnityEditor.BuildTarget,int,UnityEditor.BuildOptions,string[],bool)
UnityEditor.BuildPipeline:BuildPlayerInternal (string[],string,string,UnityEditor.BuildTargetGroup,UnityEditor.BuildTarget,int,UnityEditor.BuildOptions,string[]) (at /Users/bokken/build/output/unity/unity/Editor/Mono/BuildPipeline.bindings.cs:494)
UnityEditor.BuildPipeline:BuildPlayer (string[],string,string,UnityEditor.BuildTargetGroup,UnityEditor.BuildTarget,int,UnityEditor.BuildOptions,string[]) (at /Users/bokken/build/output/unity/unity/Editor/Mono/BuildPipeline.bindings.cs:410)
UnityEditor.BuildPipeline:BuildPlayer (UnityEditor.BuildPlayerOptions) (at /Users/bokken/build/output/unity/unity/Editor/Mono/BuildPipeline.bindings.cs:356)
TEngine.ReleaseTools:BuildImp (UnityEditor.BuildTargetGroup,UnityEditor.BuildTarget,string) (at Assets/TEngine/Editor/ReleaseTools/ReleaseTools.cs:421)
TEngine.ReleaseTools:BuildWithConfig (TEngine.BuildConfig,bool) (at Assets/TEngine/Editor/ReleaseTools/ReleaseTools.cs:153)
TEngine.ReleaseTools:AutomationBuildAndroid () (at Assets/TEngine/Editor/ReleaseTools/ReleaseTools.cs:97)

(Filename: ./Packages/YooAsset/EditorExtension/PreprocessBuild/PreprocessBuildCatalog.cs Line: 17)

Asset Pipeline Refresh (id=946e3e53633224548a9e297dbc4e5bbd): Total: 0.051 seconds - Initiated by RefreshV2(NoUpdateAssetOptions)
Succeed to save catalog file : /Users/ray/projects/TEngine/UnityProject/Assets/StreamingAssets/package/DefaultPackage/BuildinCatalog.bytes
UnityEngine.Debug:ExtractStackTraceNoAlloc (byte*,int,string)
UnityEngine.StackTraceUtility:ExtractStackTrace () (at /Users/bokken/build/output/unity/unity/Runtime/Export/Scripting/StackTrace.cs:35)
UnityEngine.DebugLogHandler:Internal_Log (UnityEngine.LogType,UnityEngine.LogOption,string,UnityEngine.Object)
UnityEngine.DebugLogHandler:LogFormat (UnityEngine.LogType,UnityEngine.Object,string,object[])
UnityEngine.Logger:Log (UnityEngine.LogType,object)
UnityEngine.Debug:Log (object)
YooAsset.CatalogTools:CreateCatalogFile (YooAsset.IManifestRestoreServices,string,string) (at ./Packages/YooAsset/Runtime/FileSystem/DefaultBuildinFileSystem/CatalogTools.cs:118)
YooAsset.PreprocessBuildCatalog:OnPreprocessBuild (UnityEditor.Build.Reporting.BuildReport) (at ./Packages/YooAsset/EditorExtension/PreprocessBuild/PreprocessBuildCatalog.cs:35)
UnityEditor.Build.BuildPipelineInterfaces/<>c__DisplayClass17_0:<OnBuildPreProcess>b__1 (UnityEditor.Build.IPreprocessBuildWithReport) (at /Users/bokken/build/output/unity/unity/Editor/Mono/BuildPipeline/BuildPipelineInterfaces.cs:526)
UnityEditor.Build.BuildPipelineInterfaces:InvokeCallbackInterfacesPair<UnityEditor.Build.IPreprocessBuild, UnityEditor.Build.IPreprocessBuildWithReport> (System.Collections.Generic.List`1<UnityEditor.Build.IPreprocessBuild>,System.Action`1<UnityEditor.Build.IPreprocessBuild>,System.Collections.Generic.List`1<UnityEditor.Build.IPreprocessBuildWithReport>,System.Action`1<UnityEditor.Build.IPreprocessBuildWithReport>,bool) (at /Users/bokken/build/output/unity/unity/Editor/Mono/BuildPipeline/BuildPipelineInterfaces.cs:492)
UnityEditor.Build.BuildPipelineInterfaces:OnBuildPreProcess (UnityEditor.Build.Reporting.BuildReport) (at /Users/bokken/build/output/unity/unity/Editor/Mono/BuildPipeline/BuildPipelineInterfaces.cs:524)
UnityEditor.BuildPipeline:BuildPlayerInternalNoCheck (string[],string,string,UnityEditor.BuildTargetGroup,UnityEditor.BuildTarget,int,UnityEditor.BuildOptions,string[],bool)
UnityEditor.BuildPipeline:BuildPlayerInternal (string[],string,string,UnityEditor.BuildTargetGroup,UnityEditor.BuildTarget,int,UnityEditor.BuildOptions,string[]) (at /Users/bokken/build/output/unity/unity/Editor/Mono/BuildPipeline.bindings.cs:494)
UnityEditor.BuildPipeline:BuildPlayer (string[],string,string,UnityEditor.BuildTargetGroup,UnityEditor.BuildTarget,int,UnityEditor.BuildOptions,string[]) (at /Users/bokken/build/output/unity/unity/Editor/Mono/BuildPipeline.bindings.cs:410)
UnityEditor.BuildPipeline:BuildPlayer (UnityEditor.BuildPlayerOptions) (at /Users/bokken/build/output/unity/unity/Editor/Mono/BuildPipeline.bindings.cs:356)
TEngine.ReleaseTools:BuildImp (UnityEditor.BuildTargetGroup,UnityEditor.BuildTarget,string) (at Assets/TEngine/Editor/ReleaseTools/ReleaseTools.cs:421)
TEngine.ReleaseTools:BuildWithConfig (TEngine.BuildConfig,bool) (at Assets/TEngine/Editor/ReleaseTools/ReleaseTools.cs:153)
TEngine.ReleaseTools:AutomationBuildAndroid () (at Assets/TEngine/Editor/ReleaseTools/ReleaseTools.cs:97)

(Filename: ./Packages/YooAsset/Runtime/FileSystem/DefaultBuildinFileSystem/CatalogTools.cs Line: 118)

[BashUtil] RemoveDir dir:HybridCLRData/AssembliesPostIl2CppStrip/Android
UnityEngine.Debug:ExtractStackTraceNoAlloc (byte*,int,string)
UnityEngine.StackTraceUtility:ExtractStackTrace () (at /Users/bokken/build/output/unity/unity/Runtime/Export/Scripting/StackTrace.cs:35)
UnityEngine.DebugLogHandler:Internal_Log (UnityEngine.LogType,UnityEngine.LogOption,string,UnityEngine.Object)
UnityEngine.DebugLogHandler:LogFormat (UnityEngine.LogType,UnityEngine.Object,string,object[])
UnityEngine.Logger:Log (UnityEngine.LogType,object)
UnityEngine.Debug:Log (object)
HybridCLR.Editor.Installer.BashUtil:RemoveDir (string,bool) (at ./Library/PackageCache/com.code-philosophy.hybridclr@4df417e56ad8/Editor/Installer/BashUtil.cs:65)
HybridCLR.Editor.Installer.BashUtil:RecreateDir (string) (at ./Library/PackageCache/com.code-philosophy.hybridclr@4df417e56ad8/Editor/Installer/BashUtil.cs:101)
HybridCLR.Editor.BuildProcessors.CopyStrippedAOTAssemblies:OnPreprocessBuild (UnityEditor.Build.Reporting.BuildReport) (at ./Library/PackageCache/com.code-philosophy.hybridclr@4df417e56ad8/Editor/BuildProcessors/CopyStrippedAOTAssemblies.cs:131)
UnityEditor.Build.BuildPipelineInterfaces/<>c__DisplayClass17_0:<OnBuildPreProcess>b__1 (UnityEditor.Build.IPreprocessBuildWithReport) (at /Users/bokken/build/output/unity/unity/Editor/Mono/BuildPipeline/BuildPipelineInterfaces.cs:526)
UnityEditor.Build.BuildPipelineInterfaces:InvokeCallbackInterfacesPair<UnityEditor.Build.IPreprocessBuild, UnityEditor.Build.IPreprocessBuildWithReport> (System.Collections.Generic.List`1<UnityEditor.Build.IPreprocessBuild>,System.Action`1<UnityEditor.Build.IPreprocessBuild>,System.Collections.Generic.List`1<UnityEditor.Build.IPreprocessBuildWithReport>,System.Action`1<UnityEditor.Build.IPreprocessBuildWithReport>,bool) (at /Users/bokken/build/output/unity/unity/Editor/Mono/BuildPipeline/BuildPipelineInterfaces.cs:492)
UnityEditor.Build.BuildPipelineInterfaces:OnBuildPreProcess (UnityEditor.Build.Reporting.BuildReport) (at /Users/bokken/build/output/unity/unity/Editor/Mono/BuildPipeline/BuildPipelineInterfaces.cs:524)
UnityEditor.BuildPipeline:BuildPlayerInternalNoCheck (string[],string,string,UnityEditor.BuildTargetGroup,UnityEditor.BuildTarget,int,UnityEditor.BuildOptions,string[],bool)
UnityEditor.BuildPipeline:BuildPlayerInternal (string[],string,string,UnityEditor.BuildTargetGroup,UnityEditor.BuildTarget,int,UnityEditor.BuildOptions,string[]) (at /Users/bokken/build/output/unity/unity/Editor/Mono/BuildPipeline.bindings.cs:494)
UnityEditor.BuildPipeline:BuildPlayer (string[],string,string,UnityEditor.BuildTargetGroup,UnityEditor.BuildTarget,int,UnityEditor.BuildOptions,string[]) (at /Users/bokken/build/output/unity/unity/Editor/Mono/BuildPipeline.bindings.cs:410)
UnityEditor.BuildPipeline:BuildPlayer (UnityEditor.BuildPlayerOptions) (at /Users/bokken/build/output/unity/unity/Editor/Mono/BuildPipeline.bindings.cs:356)
TEngine.ReleaseTools:BuildImp (UnityEditor.BuildTargetGroup,UnityEditor.BuildTarget,string) (at Assets/TEngine/Editor/ReleaseTools/ReleaseTools.cs:421)
TEngine.ReleaseTools:BuildWithConfig (TEngine.BuildConfig,bool) (at Assets/TEngine/Editor/ReleaseTools/ReleaseTools.cs:153)
TEngine.ReleaseTools:AutomationBuildAndroid () (at Assets/TEngine/Editor/ReleaseTools/ReleaseTools.cs:97)

(Filename: ./Library/PackageCache/com.code-philosophy.hybridclr@4df417e56ad8/Editor/Installer/BashUtil.cs Line: 65)

[CheckSettings] UNITY_IL2CPP_PATH old value:''， new value:'/Users/ray/projects/TEngine/UnityProject/HybridCLRData/LocalIl2CppData-OSXEditor/il2cpp'
UnityEngine.Debug:ExtractStackTraceNoAlloc (byte*,int,string)
UnityEngine.StackTraceUtility:ExtractStackTrace () (at /Users/bokken/build/output/unity/unity/Runtime/Export/Scripting/StackTrace.cs:35)
UnityEngine.DebugLogHandler:Internal_Log (UnityEngine.LogType,UnityEngine.LogOption,string,UnityEngine.Object)
UnityEngine.DebugLogHandler:LogFormat (UnityEngine.LogType,UnityEngine.Object,string,object[])
UnityEngine.Logger:Log (UnityEngine.LogType,object)
UnityEngine.Debug:Log (object)
HybridCLR.Editor.BuildProcessors.CheckSettings:OnPreprocessBuild (UnityEditor.Build.Reporting.BuildReport) (at ./Library/PackageCache/com.code-philosophy.hybridclr@4df417e56ad8/Editor/BuildProcessors/CheckSettings.cs:41)
UnityEditor.Build.BuildPipelineInterfaces/<>c__DisplayClass17_0:<OnBuildPreProcess>b__1 (UnityEditor.Build.IPreprocessBuildWithReport) (at /Users/bokken/build/output/unity/unity/Editor/Mono/BuildPipeline/BuildPipelineInterfaces.cs:526)
UnityEditor.Build.BuildPipelineInterfaces:InvokeCallbackInterfacesPair<UnityEditor.Build.IPreprocessBuild, UnityEditor.Build.IPreprocessBuildWithReport> (System.Collections.Generic.List`1<UnityEditor.Build.IPreprocessBuild>,System.Action`1<UnityEditor.Build.IPreprocessBuild>,System.Collections.Generic.List`1<UnityEditor.Build.IPreprocessBuildWithReport>,System.Action`1<UnityEditor.Build.IPreprocessBuildWithReport>,bool) (at /Users/bokken/build/output/unity/unity/Editor/Mono/BuildPipeline/BuildPipelineInterfaces.cs:492)
UnityEditor.Build.BuildPipelineInterfaces:OnBuildPreProcess (UnityEditor.Build.Reporting.BuildReport) (at /Users/bokken/build/output/unity/unity/Editor/Mono/BuildPipeline/BuildPipelineInterfaces.cs:524)
UnityEditor.BuildPipeline:BuildPlayerInternalNoCheck (string[],string,string,UnityEditor.BuildTargetGroup,UnityEditor.BuildTarget,int,UnityEditor.BuildOptions,string[],bool)
UnityEditor.BuildPipeline:BuildPlayerInternal (string[],string,string,UnityEditor.BuildTargetGroup,UnityEditor.BuildTarget,int,UnityEditor.BuildOptions,string[]) (at /Users/bokken/build/output/unity/unity/Editor/Mono/BuildPipeline.bindings.cs:494)
UnityEditor.BuildPipeline:BuildPlayer (string[],string,string,UnityEditor.BuildTargetGroup,UnityEditor.BuildTarget,int,UnityEditor.BuildOptions,string[]) (at /Users/bokken/build/output/unity/unity/Editor/Mono/BuildPipeline.bindings.cs:410)
UnityEditor.BuildPipeline:BuildPlayer (UnityEditor.BuildPlayerOptions) (at /Users/bokken/build/output/unity/unity/Editor/Mono/BuildPipeline.bindings.cs:356)
TEngine.ReleaseTools:BuildImp (UnityEditor.BuildTargetGroup,UnityEditor.BuildTarget,string) (at Assets/TEngine/Editor/ReleaseTools/ReleaseTools.cs:421)
TEngine.ReleaseTools:BuildWithConfig (TEngine.BuildConfig,bool) (at Assets/TEngine/Editor/ReleaseTools/ReleaseTools.cs:153)
TEngine.ReleaseTools:AutomationBuildAndroid () (at Assets/TEngine/Editor/ReleaseTools/ReleaseTools.cs:97)

(Filename: ./Library/PackageCache/com.code-philosophy.hybridclr@4df417e56ad8/Editor/BuildProcessors/CheckSettings.cs Line: 41)

Opening scene 'Assets/Scenes/main.unity additively'
Loaded scene 'Assets/Scenes/main.unity'
	Deserialize:            0.867 ms
	Integration:            6.043 ms
	Integration of assets:  0.001 ms
	Thread Wait Time:       0.005 ms
	Total Operation Time:   6.915 ms
Pipeline: No RuntimePipelineManager components found in build scenes. Pipeline will be disabled in Player builds.
UnityEngine.Debug:ExtractStackTraceNoAlloc (byte*,int,string)
UnityEngine.StackTraceUtility:ExtractStackTrace () (at /Users/bokken/build/output/unity/unity/Runtime/Export/Scripting/StackTrace.cs:35)
UnityEngine.DebugLogHandler:Internal_Log (UnityEngine.LogType,UnityEngine.LogOption,string,UnityEngine.Object)
UnityEngine.DebugLogHandler:LogFormat (UnityEngine.LogType,UnityEngine.Object,string,object[])
UnityEngine.Logger:Log (UnityEngine.LogType,object)
UnityEngine.Debug:LogWarning (object)
Unity.Pipeline.Editor.BuildProcessors.PipelineRuntimeBuildProcessor:OnPreprocessBuild (UnityEditor.Build.BuildCallbackContext) (at ./Packages/com.unity.pipeline/Editor/BuildProcessors/PipelineRuntimeBuildProcessor.cs:48)
UnityEditor.Build.BuildPipelineInterfaces:OnBuildPreProcessWithContext (UnityEditor.Build.BuildCallbackContext) (at /Users/bokken/build/output/unity/unity/Editor/Mono/BuildPipeline/BuildPipelineInterfaces.cs:548)
UnityEditor.BuildPipeline:BuildPlayerInternalNoCheck (string[],string,string,UnityEditor.BuildTargetGroup,UnityEditor.BuildTarget,int,UnityEditor.BuildOptions,string[],bool)
UnityEditor.BuildPipeline:BuildPlayerInternal (string[],string,string,UnityEditor.BuildTargetGroup,UnityEditor.BuildTarget,int,UnityEditor.BuildOptions,string[]) (at /Users/bokken/build/output/unity/unity/Editor/Mono/BuildPipeline.bindings.cs:494)
UnityEditor.BuildPipeline:BuildPlayer (string[],string,string,UnityEditor.BuildTargetGroup,UnityEditor.BuildTarget,int,UnityEditor.BuildOptions,string[]) (at /Users/bokken/build/output/unity/unity/Editor/Mono/BuildPipeline.bindings.cs:410)
UnityEditor.BuildPipeline:BuildPlayer (UnityEditor.BuildPlayerOptions) (at /Users/bokken/build/output/unity/unity/Editor/Mono/BuildPipeline.bindings.cs:356)
TEngine.ReleaseTools:BuildImp (UnityEditor.BuildTargetGroup,UnityEditor.BuildTarget,string) (at Assets/TEngine/Editor/ReleaseTools/ReleaseTools.cs:421)
TEngine.ReleaseTools:BuildWithConfig (TEngine.BuildConfig,bool) (at Assets/TEngine/Editor/ReleaseTools/ReleaseTools.cs:153)
TEngine.ReleaseTools:AutomationBuildAndroid () (at Assets/TEngine/Editor/ReleaseTools/ReleaseTools.cs:97)

(Filename: ./Packages/com.unity.pipeline/Editor/BuildProcessors/PipelineRuntimeBuildProcessor.cs Line: 48)

DisplayProgressbar: Checking prerequisites
Reporting tool paths:
 JDK: '/Applications/Unity/Hub/Editor/6000.3.20f1/PlaybackEngines/AndroidPlayer/OpenJDK'
 Android SDK: '/Applications/Unity/Hub/Editor/6000.3.20f1/PlaybackEngines/AndroidPlayer/SDK'
 Android NDK: '/Applications/Unity/Hub/Editor/6000.3.20f1/PlaybackEngines/AndroidPlayer/NDK'
 Gradle: '/Applications/Unity/Hub/Editor/6000.3.20f1/PlaybackEngines/AndroidPlayer/Tools/gradle' (Gradle Version: '9.1.0' Android Plugin Version: '9.0.0')
Android PostProcess task "Checking prerequisites" took 13.5289 ms
DisplayProgressbar: Detect Java Development Kit (JDK)
Android PostProcess task "Detect Java Development Kit (JDK)" took 122.6189 ms
DisplayProgressbar: Detecting Android SDK
